"country_id","country_pid","svrgn_country_uri","svrgn_country_name","country_uri","country_name","iso2","iso3","source","svrg_un","territory","orig_id","geom","sqkm"
"1","1","ABNJ","Area Beyond National Jurisdiction","ABNJ","Area Beyond National Jurisdiction","ABNJ","ABNJ","marine","Area Beyond National Jurisdiction","ABNJ","{1,2,3,4,5,6,7,8,9,10,11,12,13,14,15,16,17,18,19,20,21,22,23,24,25,26}",NULL,"212897149.11192685"
"2","2","AFG","Afghanistan","AFG","Afghanistan","AF","AFG","land","UN Member State",NULL,NULL,NULL,"641777.2385429246"
"3","3","AGO","Angola","AGO","Angola","AO","AGO","land","UN Member State",NULL,NULL,NULL,"1247407.168151284"
"3","4","AGO","Angola","AGO","Angola","AO","AGO","marine","200NM",NULL,"{8478}",NULL,"479998.4533514068"
"4","5","ALB","Albania","ALB","Albania","AL","ALB","land","UN Member State",NULL,NULL,NULL,"28795.598824111687"
"4","6","ALB","Albania","ALB","Albania","AL","ALB","marine","200NM",NULL,"{5670}",NULL,"12148.672859431636"
"5","7","AND","Andorra","AND","Andorra","AD","AND","land","UN Member State",NULL,NULL,NULL,"466.1174614822214"
"6","8","ARE","United Arab Emirates","ARE","United Arab Emirates","AE","ARE","land","UN Member State",NULL,NULL,NULL,"70859.71422264827"
"6","9","ARE","United Arab Emirates","ARE","United Arab Emirates","AE","ARE","marine","200NM",NULL,"{8360}",NULL,"51888.30058526711"
"7","10","ARE_IRN","United Arab Emirates;Iran",NULL,NULL,NULL,"ARE_IRN","marine","Overlapping claim","Abu musa, Greater and Lesser Tunb","{48947}",NULL,"6168.756752166898"
"8","11","ARG","Argentina","ARG","Argentina","AR","ARG","land","UN Member State",NULL,NULL,NULL,"2778490.520664566"
"8","12","ARG","Argentina","ARG","Argentina","AR","ARG","marine","200NM",NULL,"{8466}",NULL,"1051988.7038606517"
"9","13","ARM","Armenia","ARM","Armenia","AM","ARM","land","UN Member State",NULL,NULL,NULL,"29788.139918661484"
"10","14","ATA","Antarctica","ATA","Antarctica","AQ","ATA","land","Sovereignty unsettled",NULL,NULL,NULL,"13947763.655063562"
"10","15","ATA","Antarctica","ATA","Antarctica","AQ","ATA","marine","200NM",NULL,"{8489}",NULL,"8194105.837013651"
"11","16","ATG","Antigua and Barbuda","ATG","Antigua and Barbuda","AG","ATG","land","UN Member State",NULL,NULL,NULL,"450.5911451897558"
"11","17","ATG","Antigua and Barbuda","ATG","Antigua and Barbuda","AG","ATG","marine","200NM",NULL,"{8414}",NULL,"111529.32083352345"
"12","18","AUS","Australia","AUS","Australia","AU","AUS","land","UN Member State",NULL,NULL,NULL,"7687023.435819641"
"12","19","AUS","Australia","AUS","Australia","AU","AUS","marine","200NM","Macquarie Island;Main","{8311,8323}",NULL,"7348305.328757619"
"13","20","AUS","Australia","CCK","Cocos (Keeling) Islands","CC","CCK","land","AU Territory",NULL,NULL,NULL,"15.963708313311589"
"13","21","AUS","Australia","CCK","Cocos (Keeling) Islands","CC","CCK","marine","200NM",NULL,"{8308}",NULL,"467284.4227735098"
"14","22","AUS","Australia","CXR","Christmas Island","CX","CXR","land","AU Territory",NULL,NULL,NULL,"135.0792922620998"
"14","23","AUS","Australia","CXR","Christmas Island","CX","CXR","marine","200NM",NULL,"{8309}",NULL,"327981.599933316"
"15","24","AUS","Australia","HMD","Heard Island and Mcdonald Islands","HM","HMD","land","AU Territory",NULL,NULL,NULL,"372.2230845970824"
"15","25","AUS","Australia","HMD","Heard Island and Mcdonald Islands","HM","HMD","marine","200NM",NULL,"{8388}",NULL,"417249.6563199462"
"16","26","AUS","Australia","NFK","Norfolk Island","NF","NFK","land","AU Territory",NULL,NULL,NULL,"38.39576189850512"
"16","27","AUS","Australia","NFK","Norfolk Island","NF","NFK","marine","200NM",NULL,"{8310}",NULL,"430501.52682331327"
"17","28","AUT","Austria","AUT","Austria","AT","AUT","land","UN Member State",NULL,NULL,NULL,"83943.15729808585"
"18","29","AZE","Azerbaijan","AZE","Azerbaijan","AZ","AZE","land","UN Member State",NULL,NULL,NULL,"85823.32941595506"
"18","30","AZE","Azerbaijan","AZE","Azerbaijan","AZ","AZE","marine","200NM",NULL,"{26524}",NULL,"80746.9300344614"
"19","31","BDI","Burundi","BDI","Burundi","BI","BDI","land","UN Member State",NULL,NULL,NULL,"26757.50021273419"
"20","32","BEL","Belgium","BEL","Belgium","BE","BEL","land","UN Member State",NULL,NULL,NULL,"30661.056325160356"
"20","33","BEL","Belgium","BEL","Belgium","BE","BEL","marine","200NM",NULL,"{3293}",NULL,"3492.537318654836"
"21","34","BEN","Benin","BEN","Benin","BJ","BEN","land","UN Member State",NULL,NULL,NULL,"115254.67578542417"
"21","35","BEN","Benin","BEN","Benin","BJ","BEN","marine","200NM",NULL,"{8393}",NULL,"35299.057882562505"
"22","36","BFA","Burkina Faso","BFA","Burkina Faso","BF","BFA","land","UN Member State",NULL,NULL,NULL,"272628.0565274223"
"23","37","BGD","Bangladesh","BGD","Bangladesh","BD","BGD","land","UN Member State",NULL,NULL,NULL,"141100.35705142422"
"23","38","BGD","Bangladesh","BGD","Bangladesh","BD","BGD","marine","200NM",NULL,"{8481}",NULL,"109218.8142062451"
"24","39","BGR","Bulgaria","BGR","Bulgaria","BG","BGR","land","UN Member State",NULL,NULL,NULL,"110997.20058950219"
"24","40","BGR","Bulgaria","BGR","Bulgaria","BG","BGR","marine","200NM",NULL,"{5672}",NULL,"34725.5220227003"
"25","41","BHR","Bahrain","BHR","Bahrain","BH","BHR","land","UN Member State",NULL,NULL,NULL,"788.8261753297555"
"25","42","BHR","Bahrain","BHR","Bahrain","BH","BHR","marine","200NM",NULL,"{8358}",NULL,"7481.886348056592"
"26","43","BHS","Bahamas","BHS","Bahamas","BS","BHS","land","UN Member State",NULL,NULL,NULL,"12142.838751942514"
"26","44","BHS","Bahamas","BHS","Bahamas","BS","BHS","marine","200NM",NULL,"{8404}",NULL,"620900.92391027"
"27","45","BIH","Bosnia and Herzegovina","BIH","Bosnia and Herzegovina","BA","BIH","land","UN Member State",NULL,NULL,NULL,"51210.944686528084"
"27","46","BIH","Bosnia and Herzegovina","BIH","Bosnia and Herzegovina","BA","BIH","marine","200NM",NULL,"{22491}",NULL,"14.617454362535513"
"28","47","BLZ","Belize","BLZ","Belize","BZ","BLZ","land","UN Member State",NULL,NULL,NULL,"14180.511910075165"
"28","48","BLZ","Belize","BLZ","Belize","BZ","BLZ","marine","200NM",NULL,"{8457}",NULL,"22810.122531419107"
"29","49","BLZ_GTM","Belize;Guatemala","BLZ_GTM","Belize;Guatemala","BZ_GT","BLZ_GTM","marine","Overlapping claim",NULL,"{64462}",NULL,"9651.242241316942"
"30","50","BLZ_HND","Belize;Honduras","BLZ_HND","Belize;Honduras","BZ_HN","BLZ_HND","marine","Overlapping claim",NULL,"{64431}",NULL,"1448.4848299120788"
"31","51","BOL","Bolivia","BOL","Bolivia","BO","BOL","land","UN Member State",NULL,NULL,NULL,"1083686.522854289"
"32","52","BRA","Brazil","BRA","Brazil","BR","BRA","land","UN Member State",NULL,NULL,NULL,"8482202.525705868"
"32","53","BRA","Brazil","BRA","Brazil","BR","BRA","marine","200NM","Trindade;Brazil","{8381,8464}",NULL,"3666443.9189919867"
"33","54","BRB","Barbados","BRB","Barbados","BB","BRB","land","UN Member State",NULL,NULL,NULL,"434.168488111433"
"33","55","BRB","Barbados","BRB","Barbados","BB","BRB","marine","200NM",NULL,"{8418}",NULL,"184932.05176278958"
"34","56","BRB_GUY","Barbados;Guyana","BRB_GUY","Barbados;Guyana","BB_GY","BRB_GUY","marine","Joint regime",NULL,"{48969}",NULL,"62.6438573307541"
"35","57","BRN","Brunei","BRN","Brunei","BN","BRN","land","UN Member State",NULL,NULL,NULL,"5858.178477157925"
"35","58","BRN","Brunei","BRN","Brunei","BN","BRN","marine","200NM",NULL,"{26521}",NULL,"42996.07315172636"
"36","59","BTN","Bhutan","BTN","Bhutan","BT","BTN","land","UN Member State",NULL,NULL,NULL,"38692.602628457236"
"37","60","BWA","Botswana","BWA","Botswana","BW","BWA","land","UN Member State",NULL,NULL,NULL,"578151.9355586356"
"38","61","BYS","Belarus","BYS","Belarus","BY","BLR","land","UN Member State",NULL,NULL,NULL,"207417.8186707005"
"39","62","CAF","Central African Republic","CAF","Central African Republic","CF","CAF","land","UN Member State",NULL,NULL,NULL,"618637.9597429472"
"40","63","CAN","Canada","CAN","Canada","CA","CAN","land","UN Member State",NULL,NULL,NULL,"9968228.354788713"
"40","64","CAN","Canada","CAN","Canada","CA","CAN","marine","200NM",NULL,"{8493}",NULL,"5730528.199917789"
"41","65","CAN_USA","Canada;United States","CAN_USA","Canada;United States","CA_US","CAN_USA","marine","Overlapping claim",NULL,"{48943}",NULL,"24768.540457676758"
"42","66","CHE","Switzerland","CHE","Switzerland","CH","CHE","land","UN Member State",NULL,NULL,NULL,"41287.22209964816"
"43","67","CHL","Chile","CHL","Chile","CL","CHL","land","UN Member State",NULL,NULL,NULL,"752477.4634452212"
"43","68","CHL","Chile","CHL","Chile","CL","CHL","marine","200NM","Chile;Easter Island;Islas San Félix and San Ambrosio","{8465,21787,22756}",NULL,"3671698.333629385"
"44","69","CHN","China","CHN","China","CN","CHN","land","UN Member State",NULL,NULL,NULL,"9395009.1713454"
"44","70","CHN","China","CHN","China","CN","CHN","marine","200NM;Overlapping claim","Taiwan;Main","{8321,8486,49003}",NULL,"1648424.5898862153"
"45","71","CHN","China","HKG","Hong Kong","HK","HKG","land","CN Special Administrative Region",NULL,NULL,NULL,"1117.5864212408705"
"46","72","CHN","China","MAC","Macau","MO","MAC","land","CN Special Administrative Region",NULL,NULL,NULL,"34.9930814174323"
"47","73","CIV","Côte D’Ivoire","CIV","Côte D’Ivoire","CI","CIV","land","UN Member State",NULL,NULL,NULL,"321638.1612655798"
"47","74","CIV","Côte D’Ivoire","CIV","Côte D’Ivoire","CI","CIV","marine","200NM",NULL,"{8473}",NULL,"170800.21600537634"
"48","75","CMR","Cameroon","CMR","Cameroon","CM","CMR","land","UN Member State",NULL,NULL,NULL,"465353.09428144246"
"48","76","CMR","Cameroon","CMR","Cameroon","CM","CMR","marine","200NM",NULL,"{8475}",NULL,"14828.162861158282"
"49","77","COD","Democratic Republic of The Congo","COD","Democratic Republic of The Congo","CD","COD","land","UN Member State",NULL,NULL,NULL,"2330046.423596754"
"49","78","COD","Democratic Republic of The Congo","COD","Democratic Republic of The Congo","CD","COD","marine","200NM",NULL,"{8477}",NULL,"28687.509014385574"
"50","79","COG","Congo","COG","Congo","CG","COG","land","UN Member State",NULL,NULL,NULL,"342988.4530422831"
"50","80","COG","Congo","COG","Congo","CG","COG","marine","200NM",NULL,"{8394}",NULL,"33773.893491615265"
"51","81","COL","Colombia","COL","Colombia","CO","COL","land","UN Member State",NULL,NULL,NULL,"1138166.4191635095"
"51","82","COL","Colombia","COL","Colombia","CO","COL","marine","200NM","Serranilla Bank;Bajo Nuevo Bank;Serrana Bank;Quitasueño Bank;Main","{8426,48984,48985,62596,62598}",NULL,"710431.7134173482"
"52","83","COL_DOM_VEN","Colombia;Dominican Republic;Venezuela","COL_DOM_VEN","Colombia;Dominican Republic;Venezuela","CO_DO_VE","COL_DOM_VEN","marine","Overlapping claim",NULL,"{48971}",NULL,"863.8337725352058"
"53","84","COM","Comoros","COM","Comoros","KM","COM","land","UN Member State",NULL,NULL,NULL,"1654.04392744801"
"53","85","COM","Comoros","COM","Comoros","KM","COM","marine","200NM",NULL,"{8334}",NULL,"164487.1224526146"
"54","86","CPV","Cape Verde","CPV","Cape Verde","CV","CPV","land","UN Member State",NULL,NULL,NULL,"4062.540219745381"
"54","87","CPV","Cape Verde","CPV","Cape Verde","CV","CPV","marine","200NM",NULL,"{8362}",NULL,"801773.0297631432"
"55","88","CRI","Costa Rica","CRI","Costa Rica","CR","CRI","land","UN Member State",NULL,NULL,NULL,"51188.213770479524"
"55","89","CRI","Costa Rica","CRI","Costa Rica","CR","CRI","marine","200NM",NULL,"{8424}",NULL,"573065.9391035974"
"56","90","CRI_ECU","Costa Rica;Ecuador","CRI","Costa Rica","CR","CRI","marine","Joint regime","Costa Rica;Galapagos","{48968}",NULL,"17335.305135186405"
"57","91","CUB","Cuba","CUB","Cuba","CU","CUB","land","UN Member State",NULL,NULL,NULL,"110543.3088240006"
"57","92","CUB","Cuba","CUB","Cuba","CU","CUB","marine","200NM",NULL,"{8406}",NULL,"352443.7662823447"
"58","93","CYP","Cyprus","CYP","Cyprus","CY","CYP","land","UN Member State",NULL,NULL,NULL,"9258.640424526307"
"58","94","CYP","Cyprus","CYP","Cyprus","CY","CYP","marine","200NM",NULL,"{8376}",NULL,"98466.34773674767"
"59","95","CZE","Czechia","CZE","Czechia","CZ","CZE","land","UN Member State",NULL,NULL,NULL,"78872.57148129365"
"60","96","DEU","Germany","DEU","Germany","DE","DEU","land","UN Member State",NULL,NULL,NULL,"357506.29875644983"
"60","97","DEU","Germany","DEU","Germany","DE","DEU","marine","200NM",NULL,"{5669}",NULL,"56797.37411603026"
"61","98","DJI","Djibouti","DJI","Djibouti","DJ","DJI","land","UN Member State",NULL,NULL,NULL,"21679.831122137486"
"61","99","DJI","Djibouti","DJI","Djibouti","DJ","DJI","marine","200NM",NULL,"{8352}",NULL,"7230.330708612318"
"62","100","DMA","Dominica","DMA","Dominica","DM","DMA","land","UN Member State",NULL,NULL,NULL,"752.4161432750458"
"62","101","DMA","Dominica","DMA","Dominica","DM","DMA","marine","200NM",NULL,"{8417}",NULL,"28590.60718824113"
"63","102","DNK","Denmark","DNK","Denmark","DK","DNK","land","UN Member State",NULL,NULL,NULL,"43197.059127269036"
"63","103","DNK","Denmark","DNK","Denmark","DK","DNK","marine","200NM",NULL,"{5674}",NULL,"104418.42684566864"
"64","104","DNK","Denmark","FRO","Faroes","FO","FRO","land","DK Territory",NULL,NULL,NULL,"1403.0746569519215"
"64","105","DNK","Denmark","FRO","Faroes","FO","FRO","marine","200NM",NULL,"{8435}",NULL,"263717.39660773025"
"65","106","DNK","Denmark","GRL","Greenland","GL","GRL","land","DK Self-Governing Territory",NULL,NULL,NULL,"2167177.2958607776"
"65","107","DNK","Denmark","GRL","Greenland","GL","GRL","marine","200NM",NULL,"{8438}",NULL,"2271303.7670331276"
"66","108","DNK_ISL","Denmark;Iceland","FRO_ISL","Faroes;Iceland","FO_IS","FRO_ISL","marine","Joint regime","Faeroe;Iceland","{48973}",NULL,"1267.3731891598777"
"67","109","DOM","Dominican Republic","DOM","Dominican Republic","DO","DOM","land","UN Member State",NULL,NULL,NULL,"48187.405200180285"
"67","110","DOM","Dominican Republic","DOM","Dominican Republic","DO","DOM","marine","200NM",NULL,"{8409}",NULL,"344205.4933016814"
"68","111","DOM_COL","Dominican Republic;Colombia","DOM_COL","Dominican Republic;Colombia","DO_CO","DOM_COL","marine","Joint regime",NULL,"{48970}",NULL,"13098.198595135815"
"69","112","DZA","Algeria","DZA","Algeria","DZ","DZA","land","UN Member State",NULL,NULL,NULL,"2309785.116902676"
"69","113","DZA","Algeria","DZA","Algeria","DZ","DZA","marine","200NM",NULL,"{8378}",NULL,"131206.3441686811"
"70","114","ECU","Ecuador","ECU","Ecuador","EC","ECU","land","UN Member State",NULL,NULL,NULL,"256127.3217285154"
"70","115","ECU","Ecuador","ECU","Ecuador","EC","ECU","marine","200NM","Galapagos;Main","{8403,8431}",NULL,"1051314.9953549292"
"71","116","ECU_COL","Ecuador;Colombia","ECU_COL","Ecuador;Colombia","EC_CO","ECU_COL","marine","Joint regime",NULL,"{48974}",NULL,"18644.77837870926"
"72","117","EGY","Egypt","EGY","Egypt","EG","EGY","land","UN Member State",NULL,NULL,NULL,"981046.6062734582"
"72","118","EGY","Egypt","EGY","Egypt","EG","EGY","marine","200NM",NULL,"{8490}",NULL,"243019.1698696348"
"73","119","EGY_LBY","Egypt;Libya","EGY_LBY","Egypt;Libya","EG_LY","EGY_LBY","marine","Overlapping claim",NULL,"{64430}",NULL,"8101.756878057589"
"74","120","ERI","Eritrea","ERI","Eritrea","ER","ERI","land","UN Member State",NULL,NULL,NULL,"120436.40402451242"
"74","121","ERI","Eritrea","ERI","Eritrea","ER","ERI","marine","200NM",NULL,"{8351}",NULL,"78333.09551137376"
"75","122","ERI_DJI","Eritrea;Djibouti",NULL,NULL,NULL,"ERI_DJI","marine","Overlapping claim","Doumeira Islands","{48956}",NULL,"245.04707579379195"
"76","123","ESH","Western Sahara","ESH","Western Sahara","EH","ESH","land","Non-Self-Governing Territory",NULL,NULL,NULL,"268629.5905772942"
"76","124","ESH","Western Sahara","ESH","Western Sahara","EH","ESH","marine","200NM",NULL,"{8368}",NULL,"284018.97676074394"
"77","125","ESP","Spain","EA","Melilla and Ceuta","EA","EA","marine","200NM","Melilla;Ceuta","{49000,49002}",NULL,"60.02918605560608"
"78","126","ESP","Spain","ESP","Spain","ES","ESP","land","UN Member State",NULL,NULL,NULL,"506001.8760188144"
"78","127","ESP","Spain","ESP","Spain","ES","ESP","marine","200NM","Canary Islands;Chafarinas Islands;Perejil Island;Peñón de Vélez de la Gomera;Alhucemas Islands;Main","{5693,8364,48997,48998,48999,49001}",NULL,"1006165.506118811"
"79","128","EST","Estonia","EST","Estonia","EE","EST","land","UN Member State",NULL,NULL,NULL,"45342.28131035057"
"79","129","EST","Estonia","EST","Estonia","EE","EST","marine","200NM",NULL,"{5675}",NULL,"36495.851124186476"
"80","130","ETH","Ethiopia","ETH","Ethiopia","ET","ETH","land","UN Member State",NULL,NULL,NULL,"1127148.3708864353"
"81","131","FIN","Finland","FIN","Finland","FI","FIN","land","UN Member State",NULL,NULL,NULL,"337973.85548491054"
"81","132","FIN","Finland","FIN","Finland","FI","FIN","marine","200NM",NULL,"{5676}",NULL,"81692.13883786816"
"82","133","FJI","Fiji","FJI","Fiji","FJ","FJI","land","UN Member State",NULL,NULL,NULL,"18735.519099326662"
"82","134","FJI","Fiji","FJI","Fiji","FJ","FJI","marine","200NM",NULL,"{8325}",NULL,"1295784.7964395715"
"83","135","FRA","France","ATF","French Southern and Antarctic Lands","TF","ATF","land","FR Territory",NULL,NULL,NULL,"7626.597070379601"
"83","136","FRA","France","ATF","French Southern and Antarctic Lands","TF","ATF","marine","200NM","Juan de Nova Island;Bassas da India;Europa Island;Crozet Islands;Amsterdam and Saint Paul Islands;Kerguélen;Glorioso Islands","{8339,8340,8341,8385,8386,8387,48945}",NULL,"1993221.357017048"
"84","137","FRA","France","BLM","Saint Barthélemy","BL","BLM","land","FR Territory",NULL,NULL,NULL,"20.40246069885578"
"84","138","FRA","France","BLM","Saint Barthélemy","BL","BLM","marine","200NM",NULL,"{48952}",NULL,"4181.29418087743"
"85","139","FRA","France","CPT","Clipperton Island","CP","CPT","land","FR Territory",NULL,NULL,NULL,"8.852847226355195"
"85","140","FRA","France","CPT","Clipperton Island","CP","CPT","marine","200NM",NULL,"{8401}",NULL,"435468.4090444382"
"86","141","FRA","France","FRA","France","FR","FRA","land","UN Member State",NULL,NULL,NULL,"638358.3709101774"
"86","142","FRA","France","FRA","France","FR","FRA","marine","200NM","Matthew and Hunter Islands;Main","{5677,48948}",NULL,"534318.8137416389"
"87","143","FRA","France","GLP","Guadeloupe","GP","GLP","marine","200NM",NULL,"{33177}",NULL,"90834.68146138478"
"88","144","FRA","France","GUF","French Guiana","GF","GUF","marine","200NM",NULL,"{8462}",NULL,"130924.2755299163"
"89","145","FRA","France","MAF","Collectivity of Saint Martin","MF","MAF","marine","200NM",NULL,"{8495}",NULL,"1107.614986640837"
"90","146","FRA","France","MTQ","Martinique","MQ","MTQ","marine","200NM",NULL,"{33178}",NULL,"47626.244776181855"
"91","147","FRA","France","MYT","Mayotte","YT","MYT","marine","200NM",NULL,"{48944}",NULL,"66918.80639108611"
"92","148","FRA","France","NCL","New Caledonia","NC","NCL","land","FR Non-Self-Governing Territory",NULL,NULL,NULL,"18557.024981012528"
"92","149","FRA","France","NCL","New Caledonia","NC","NCL","marine","200NM",NULL,"{8312}",NULL,"1179759.206211542"
"93","150","FRA","France","PYF","French Polynesia","PF","PYF","land","FR Territory",NULL,NULL,NULL,"3730.2814692477687"
"93","151","FRA","France","PYF","French Polynesia","PF","PYF","marine","200NM",NULL,"{8440}",NULL,"4774192.513440143"
"94","152","FRA","France","REU","Réunion","RE","REU","marine","200NM",NULL,"{8338}",NULL,"315193.63745756645"
"95","153","FRA","France","SPM","Saint Pierre and Miquelon","PM","SPM","land","FR Territory",NULL,NULL,NULL,"219.06864725343232"
"95","154","FRA","France","SPM","Saint Pierre and Miquelon","PM","SPM","marine","200NM",NULL,"{8494}",NULL,"12420.674794751372"
"96","155","FRA","France","WLF","Wallis and Futuna","WF","WLF","land","FR Territory",NULL,NULL,NULL,"140.503015007845"
"96","156","FRA","France","WLF","Wallis and Futuna","WF","WLF","marine","200NM",NULL,"{8454}",NULL,"250669.796595698"
"97","157","FRA","France","XXO","Bassas Da India","XO","XXO","marine","200NM","Ile Tromelin","{48946}",NULL,"274462.5705705289"
"98","158","FRA","France","XXO","Bassas Da India","XO","XO","land","FR Territory",NULL,NULL,NULL,"34.61434334091937"
"99","159","FRA_ESP","France;Spain","FRA_ESP","France;Spain","FR_ES","FRA_ESP","marine","Joint regime",NULL,"{48966}",NULL,"2859.5051435538708"
"100","160","FRA_ITA","France;Italy","FRA_ITA","France;Italy","FR_IT","FRA_ITA","marine","Joint regime",NULL,"{48976}",NULL,"67.03676175894458"
"101","161","FSM","Micronesia","FSM","Micronesia","FM","FSM","land","UN Member State",NULL,NULL,NULL,"711.6682512946645"
"101","162","FSM","Micronesia","FSM","Micronesia","FM","FSM","marine","200NM",NULL,"{8316}",NULL,"3008861.766844057"
"102","163","GAB","Gabon","GAB","Gabon","GA","GAB","land","UN Member State",NULL,NULL,NULL,"263344.7815750167"
"102","164","GAB","Gabon","GAB","Gabon","GA","GAB","marine","200NM",NULL,"{8476}",NULL,"199435.71176911832"
"103","165","GBR","United Kingdom","AIA","Anguilla","AI","AIA","land","UK Non-Self-Governing Territory",NULL,NULL,NULL,"77.72497156165973"
"103","166","GBR","United Kingdom","AIA","Anguilla","AI","AIA","marine","200NM",NULL,"{8412}",NULL,"90143.88673617826"
"104","167","GBR","United Kingdom","BMU","Bermuda","BM","BMU","land","UK Non-Self-Governing Territory",NULL,NULL,NULL,"60.459661112935514"
"104","168","GBR","United Kingdom","BMU","Bermuda","BM","BMU","marine","200NM",NULL,"{8402}",NULL,"464221.1129015872"
"105","169","GBR","United Kingdom","CYM","Cayman Islands","KY","CYM","land","UK Non-Self-Governing Territory",NULL,NULL,NULL,"265.33242355528716"
"105","170","GBR","United Kingdom","CYM","Cayman Islands","KY","CYM","marine","200NM",NULL,"{8407}",NULL,"118351.20409334941"
"106","171","GBR","United Kingdom","FLK","Falkland Islands","FK","FLK","land","UK Non-Self-Governing Territory",NULL,NULL,NULL,"12053.618287934247"
"107","172","GBR","United Kingdom","GBR","United Kingdom","GB","GBR","land","UN Member State",NULL,NULL,NULL,"244667.7747052957"
"107","173","GBR","United Kingdom","GBR","United Kingdom","GB","GBR","marine","200NM",NULL,"{5696}",NULL,"721574.9434994247"
"108","174","GBR","United Kingdom","GGY","Guernsey","GG","GGY","land","UK Territory",NULL,NULL,NULL,"81.20753846948928"
"108","175","GBR","United Kingdom","GGY","Guernsey","GG","GGY","marine","200NM",NULL,"{21788}",NULL,"3680.239174819706"
"109","176","GBR","United Kingdom","GIB","Gibraltar","GI","GIB","land","UK Non-Self-Governing Territory",NULL,NULL,NULL,"5.984334322638035"
"110","177","GBR","United Kingdom","IMN","Isle of Man","IM","IMN","land","UK territory",NULL,NULL,NULL,"572.0095514591445"
"110","178","GBR","United Kingdom","IMN","Isle of Man","IM","IMN","marine","200NM",NULL,"{64446}",NULL,"3955.4387523440914"
"111","179","GBR","United Kingdom","JEY","Jersey","JE","JEY","land","UK Territory",NULL,NULL,NULL,"121.50712421221625"
"111","180","GBR","United Kingdom","JEY","Jersey","JE","JEY","marine","200NM",NULL,"{21789}",NULL,"2331.79087873982"
"112","181","GBR","United Kingdom","MSR","Montserrat","MS","MSR","land","UK Non-Self-Governing Territory",NULL,NULL,NULL,"102.74318198949653"
"112","182","GBR","United Kingdom","MSR","Montserrat","MS","MSR","marine","200NM",NULL,"{8415}",NULL,"7186.796400927079"
"113","183","GBR","United Kingdom","PCN","Pitcairn Islands","PN","PCN","land","UK Non-Self-Governing Territory",NULL,NULL,NULL,"48.837740628674894"
"113","184","GBR","United Kingdom","PCN","Pitcairn Islands","PN","PCN","marine","200NM",NULL,"{8439}",NULL,"842117.9279838426"
"114","185","GBR","United Kingdom","SGS","South Georgia and The South Sandwich Islands","GS","SGS","land","UK Territory",NULL,NULL,NULL,"3777.348316084054"
"115","186","GBR","United Kingdom","SHN","Saint Helena, Ascension and Tristan Da Cunha","SH","SHN","land","UK Non-Self-Governing Territory",NULL,NULL,NULL,"398.5727447394122"
"115","187","GBR","United Kingdom","SHN","Saint Helena, Ascension and Tristan Da Cunha","SH","SHN","marine","200NM",NULL,"{8379,8380,8382}",NULL,"1652889.917669733"
"116","188","GBR","United Kingdom","TCA","Turks and Caicos Islands","TC","TCA","land","UK Non-Self-Governing Territory",NULL,NULL,NULL,"929.3488378699632"
"116","189","GBR","United Kingdom","TCA","Turks and Caicos Islands","TC","TCA","marine","200NM",NULL,"{8405}",NULL,"91053.14833990333"
"117","190","GBR","United Kingdom","VGB","British Virgin Islands","VG","VGB","land","UK Non-Self-Governing Territory",NULL,NULL,NULL,"153.8518551908615"
"117","191","GBR","United Kingdom","VGB","British Virgin Islands","VG","VGB","marine","200NM",NULL,"{8411}",NULL,"81568.67618566152"
"118","192","GBR_ARG","United Kingdom;Argentina","FLK","Falkland Islands","FK","FLK","marine","Overlapping claim","Falkland / Malvinas Islands","{8389}",NULL,"550388.9185532077"
"119","193","GBR_ARG","United Kingdom;Argentina","SGS","South Georgia and The South Sandwich Islands","GS","SGS","marine","Overlapping claim","South Georgia and the South Sandwich Islands","{8383}",NULL,"1237926.3441480438"
"120","194","GBR_DNK","United Kingdom;Denmark","GBR_FRO","United Kingdom;Faroes","UK_FO","GBR_FRO","marine","Joint regime","United Kingdom;Faeroe","{48967}",NULL,"7938.054295835396"
"121","195","GBR_ESP","United Kingdom;Spain","GIB_ESP","Gibraltar;Spain","GI_ES","GIB_ESP","marine","Overlapping claim","Gibraltar;Spain","{8365}",NULL,"375.93787524269896"
"122","196","GEO","Georgia","GEO","Georgia","GE","GEO","land","UN Member State",NULL,NULL,NULL,"69674.03794457299"
"122","197","GEO","Georgia","GEO","Georgia","GE","GEO","marine","200NM",NULL,"{5678}",NULL,"22875.78908323698"
"123","198","GHA","Ghana","GHA","Ghana","GH","GHA","land","UN Member State",NULL,NULL,NULL,"238876.95320828081"
"123","199","GHA","Ghana","GHA","Ghana","GH","GHA","marine","200NM",NULL,"{8400}",NULL,"227063.67498119434"
"124","200","GIN","Guinea","GIN","Guinea","GN","GIN","land","UN Member State",NULL,NULL,NULL,"244962.98433001593"
"124","201","GIN","Guinea","GIN","Guinea","GN","GIN","marine","200NM",NULL,"{8472}",NULL,"101931.76880483796"
"125","202","GMB","Gambia","GMB","Gambia","GM","GMB","land","UN Member State",NULL,NULL,NULL,"11233.354159942663"
"125","203","GMB","Gambia","GMB","Gambia","GM","GMB","marine","200NM",NULL,"{8370}",NULL,"22275.87518516201"
"126","204","GNB","Guinea-Bissau","GNB","Guinea-Bissau","GW","GNB","land","UN Member State",NULL,NULL,NULL,"34558.3468051117"
"126","205","GNB","Guinea-Bissau","GNB","Guinea-Bissau","GW","GNB","marine","200NM",NULL,"{8471}",NULL,"76647.32739760961"
"127","206","GNQ","Equatorial Guinea","GNQ","Equatorial Guinea","GQ","GNQ","land","UN Member State",NULL,NULL,NULL,"27032.799603552525"
"127","207","GNQ","Equatorial Guinea","GNQ","Equatorial Guinea","GQ","GNQ","marine","200NM",NULL,"{8398}",NULL,"303937.44475958706"
"128","208","GRC","Greece","GRC","Greece","GR","GRC","marine","200NM",NULL,"{5679}",NULL,"482713.23446520674"
"129","209","GRC","Greece","GRC","Greece","GR","GRC","land","UN Member State",NULL,NULL,NULL,"132032.4560037759"
"130","210","GRD","Grenada","GRD","Grenada","GD","GRD","land","UN Member State",NULL,NULL,NULL,"354.02749562087024"
"130","211","GRD","Grenada","GRD","Grenada","GD","GRD","marine","200NM",NULL,"{8419}",NULL,"25580.686543212447"
"131","212","GTM","Guatemala","GTM","Guatemala","GT","GTM","land","UN Member State",NULL,NULL,NULL,"108924.09541864022"
"131","213","GTM","Guatemala","GTM","Guatemala","GT","GTM","marine","200NM",NULL,"{8430}",NULL,"109867.25908987407"
"132","214","GUY","Guyana","GUY","Guyana","GY","GUY","land","UN Member State",NULL,NULL,NULL,"67888.57257841316"
"132","215","GUY","Guyana","GUY","Guyana","GY","GUY","marine","200NM",NULL,"{8460}",NULL,"26926.22327377652"
"133","216","GUY_TTO_VEN","Guyana;Trinidad and Tobago;Venezuela","GUY_TTO_VEN","Guyana;Trinidad and Tobago;Venezuela","GY_TT_VE","GUY_TTO_VEN","marine","Overlapping claim",NULL,"{33185}",NULL,"3585.848764422654"
"134","217","GUY_VEN","Guyana;Venezuela","GUY_VEN","Guyana;Venezuela","GY_VE","GUY_VEN","marine","Overlapping claim","Guyane;Venezuela","{64461}",NULL,"107683.60856847676"
"135","218","HND","Honduras","HND","Honduras","HN","HND","land","UN Member State",NULL,NULL,NULL,"112085.5069312755"
"135","219","HND","Honduras","HND","Honduras","HN","HND","marine","200NM",NULL,"{8427}",NULL,"208230.340245605"
"136","220","HND_GBR","Honduras;United Kingdom","HND_CYM","Honduras;Cayman Islands","HN_KY","HND_CYM","marine","Joint regime","Honduras;Cayman Islands","{48972}",NULL,"2075.7762700643743"
"137","221","HRV","Croatia","HRV","Croatia","HR","HRV","land","UN Member State",NULL,NULL,NULL,"56507.06045580617"
"137","222","HRV","Croatia","HRV","Croatia","HR","HRV","marine","200NM",NULL,"{5673}",NULL,"55258.811618483924"
"138","223","HRV_SVN","Croatia;Slovenia","HRV_SVN","Croatia;Slovenia","HR_SI","HRV_SVN","marine","Joint regime",NULL,"{50167}",NULL,"98.36614052875471"
"139","224","HTI","Haiti","HTI","Haiti","HT","HTI","land","UN Member State",NULL,NULL,NULL,"26950.45252515924"
"139","225","HTI","Haiti","HTI","Haiti","HT","HTI","marine","200NM",NULL,"{8408}",NULL,"103532.52339844812"
"140","226","HTI_USA","Haiti;United States",NULL,NULL,"XL","HTI_USA","marine","Overlapping claim","Navassa Island","{48951}",NULL,"13888.159908155058"
"141","227","HUN","Hungary","HUN","Hungary","HU","HUN","land","UN Member State",NULL,NULL,NULL,"93011.70210394383"
"142","228","IDN","Indonesia","IDN","Indonesia","ID","IDN","land","UN Member State",NULL,NULL,NULL,"1889155.1054763289"
"142","229","IDN","Indonesia","IDN","Indonesia","ID","IDN","marine","200NM",NULL,"{8492}",NULL,"6017929.542322156"
"143","230","IND","India","IND","India","IN","IND","land","UN Member State",NULL,NULL,NULL,"2974193.8642059695"
"143","231","IND","India","IND","India","IN","IND","marine","200NM","Andaman and Nicobar;Main","{8333,8480}",NULL,"2324746.817871118"
"144","232","IRL","Ireland","IRL","Ireland","IE","IRL","land","UN Member State",NULL,NULL,NULL,"69945.77340156998"
"144","233","IRL","Ireland","IRL","Ireland","IE","IRL","marine","200NM",NULL,"{5681}",NULL,"428204.69189748756"
"145","234","IRN","Iran","IRN","Iran","IR","IRN","land","UN Member State",NULL,NULL,NULL,"1623163.7297694401"
"145","235","IRN","Iran","IRN","Iran","IR","IRN","marine","200NM",NULL,"{8469}",NULL,"215746.0969050632"
"146","236","IRQ","Iraq","IRQ","Iraq","IQ","IRQ","land","UN Member State",NULL,NULL,NULL,"437043.8276478098"
"146","237","IRQ","Iraq","IRQ","Iraq","IQ","IRQ","marine","200NM",NULL,"{8470}",NULL,"1498.5052657165916"
"147","238","IRQ_IRN","Iraq;Iran","IRQ_IRN","Iraq;Iran","IQ_IR","IRQ_IRN","marine","Overlapping claim",NULL,"{64460}",NULL,"29.226590948040556"
"148","239","ISL","Iceland","ISL","Iceland","IS","ISL","land","UN Member State",NULL,NULL,NULL,"102700.64310560076"
"148","240","ISL","Iceland","ISL","Iceland","IS","ISL","marine","200NM",NULL,"{5680}",NULL,"749310.5216830182"
"149","241","ISL_NOR","Iceland;Norway","ISL_SJM","Iceland;Svalbard and Jan Mayen","IS_SJ","ISL_SJM","marine","Joint regime","Iceland;Jan Mayen","{48975}",NULL,"45510.778719557245"
"150","242","ISR","Israel","ISR","Israel","IL","ISR","land","UN Member State",NULL,NULL,NULL,"20786.913859760418"
"150","243","ISR","Israel","ISR","Israel","IL","ISR","marine","200NM",NULL,"{8375}",NULL,"25943.433973665364"
"151","244","ITA","Italy","ITA","Italy","IT","ITA","land","UN Member State",NULL,NULL,NULL,"300646.45793177723"
"151","245","ITA","Italy","ITA","Italy","IT","ITA","marine","200NM",NULL,"{5682}",NULL,"536507.5148095512"
"152","246","JAM","Jamaica","JAM","Jamaica","JM","JAM","land","UN Member State",NULL,NULL,NULL,"10974.724211784714"
"152","247","JAM","Jamaica","JAM","Jamaica","JM","JAM","marine","200NM",NULL,"{8459}",NULL,"257064.66941262435"
"153","248","JAM_COL","Jamaica;Colombia","JAM_COL","Jamaica;Colombia","JM_CO","JAM_COL","marine","Joint regime",NULL,"{21792}",NULL,"15268.13100207391"
"154","249","JOR","Jordan","JOR","Jordan","JO","JOR","land","UN Member State",NULL,NULL,NULL,"89277.47627889103"
"154","250","JOR","Jordan","JOR","Jordan","JO","JOR","marine","200NM",NULL,"{8491}",NULL,"97.70068508597186"
"155","251","JPN","Japan","JPN","Japan","JP","JPN","land","UN Member State",NULL,NULL,NULL,"373240.49978467193"
"155","252","JPN","Japan","JPN","Japan","JP","JPN","marine","200NM",NULL,"{8487}",NULL,"4064704.975380687"
"156","253","JPN_CHN","Japan;China","XXN","Senkaku Islands","XN","XXN","marine","Overlapping claim",NULL,"{48954}",NULL,"73768.24527377816"
"157","254","JPN_KOR","Japan;South Korea","XXJ","Liancourt Rock","XJ","XXJ","marine","Overlapping claim",NULL,"{48955}",NULL,"1615.5825340793633"
"158","255","JPN_RUS","Japan;Russian Federation","XXI",NULL,"XI","XXI","marine","Overlapping claim","Kuril Islands","{48950}",NULL,"213515.123263351"
"159","256","KAZ","Kazakhstan","KAZ","Kazakhstan","KZ","KAZ","land","UN Member State",NULL,NULL,NULL,"2723554.5264835325"
"159","257","KAZ","Kazakhstan","KAZ","Kazakhstan","KZ","KAZ","marine","200NM",NULL,"{26522}",NULL,"111445.54235223685"
"160","258","KEN","Kenya","KEN","Kenya","KE","KEN","land","UN Member State",NULL,NULL,NULL,"581988.1136389181"
"160","259","KEN","Kenya","KEN","Kenya","KE","KEN","marine","200NM",NULL,"{8349}",NULL,"124280.20362785902"
"161","260","KGZ","Kyrgyzstan","KGZ","Kyrgyzstan","KG","KGZ","land","UN Member State",NULL,NULL,NULL,"198798.32822718713"
"162","261","KHM","Cambodia","KHM","Cambodia","KH","KHM","land","UN Member State",NULL,NULL,NULL,"181695.80284134607"
"162","262","KHM","Cambodia","KHM","Cambodia","KH","KHM","marine","200NM",NULL,"{8331}",NULL,"48579.69677712783"
"163","263","KIR","Kiribati","KIR","Kiribati","KI","KIR","land","UN Member State",NULL,NULL,NULL,"1086.3631112782614"
"163","264","KIR","Kiribati","KIR","Kiribati","KI","KIR","marine","200NM","Line Group;Phoenix Group;Gilbert Islands","{8441,8450,8488}",NULL,"3439687.7808474954"
"164","265","KNA","Saint Kitts and Nevis","KNA","Saint Kitts and Nevis","KN","KNA","land","UN Member State",NULL,NULL,NULL,"261.28016663039955"
"164","266","KNA","Saint Kitts and Nevis","KNA","Saint Kitts and Nevis","KN","KNA","marine","200NM",NULL,"{8413}",NULL,"9512.797933580965"
"165","267","KOR","South Korea","KOR","South Korea","KR","KOR","land","UN Member State",NULL,NULL,NULL,"101073.35341358162"
"165","268","KOR","South Korea","KOR","South Korea","KR","KOR","marine","200NM",NULL,"{8327}",NULL,"347059.70508185384"
"166","269","KOR_JPN","South Korea;Japan","KOR_JPN","South Korea;Japan","KR_JP","KOR_JPN","marine","Joint regime",NULL,"{21796}",NULL,"82678.61949481907"
"167","270","KWT","Kuwait","KWT","Kuwait","KW","KWT","land","UN Member State",NULL,NULL,NULL,"17335.223436080283"
"167","271","KWT","Kuwait","KWT","Kuwait","KW","KWT","marine","200NM",NULL,"{8357}",NULL,"10859.321282630586"
"168","272","LAO","Laos","LAO","Laos","LA","LAO","land","UN Member State",NULL,NULL,NULL,"229697.98599158123"
"169","273","LBN","Lebanon","LBN","Lebanon","LB","LBN","land","UN Member State",NULL,NULL,NULL,"10165.15526141123"
"169","274","LBN","Lebanon","LBN","Lebanon","LB","LBN","marine","200NM",NULL,"{8374}",NULL,"18870.1581211082"
"170","275","LBR","Liberia","LBR","Liberia","LR","LBR","land","UN Member State",NULL,NULL,NULL,"96025.70958555891"
"170","276","LBR","Liberia","LBR","Liberia","LR","LBR","marine","200NM",NULL,"{8391}",NULL,"251521.2955442802"
"171","277","LBY","Libya","LBY","Libya","LY","LBY","land","UN Member State",NULL,NULL,NULL,"1615803.2503122145"
"171","278","LBY","Libya","LBY","Libya","LY","LBY","marine","200NM",NULL,"{8372}",NULL,"357416.51500513696"
"172","279","LCA","Saint Lucia","LCA","Saint Lucia","LC","LCA","land","UN Member State",NULL,NULL,NULL,"604.2390129248643"
"172","280","LCA","Saint Lucia","LCA","Saint Lucia","LC","LCA","marine","200NM",NULL,"{8416}",NULL,"15429.444168080161"
"173","281","LIE","Liechtenstein","LIE","Liechtenstein","LI","LIE","land","UN Member State",NULL,NULL,NULL,"160.0885775361082"
"174","282","LKA","Sri Lanka","LKA","Sri Lanka","LK","LKA","land","UN Member State",NULL,NULL,NULL,"66174.3810171671"
"174","283","LKA","Sri Lanka","LKA","Sri Lanka","LK","LKA","marine","200NM",NULL,"{8346}",NULL,"533051.8671568438"
"175","284","LSO","Lesotho","LSO","Lesotho","LS","LSO","land","UN Member State",NULL,NULL,NULL,"30552.47934278945"
"176","285","LTU","Lithuania","LTU","Lithuania","LT","LTU","land","UN Member State",NULL,NULL,NULL,"64897.156670228396"
"176","286","LTU","Lithuania","LTU","Lithuania","LT","LTU","marine","200NM",NULL,"{5684}",NULL,"6838.333168341994"
"177","287","LUX","Luxembourg","LUX","Luxembourg","LU","LUX","land","UN Member State",NULL,NULL,NULL,"2595.623149822913"
"178","288","LVA","Latvia","LVA","Latvia","LV","LVA","land","UN Member State",NULL,NULL,NULL,"64592.29727664483"
"178","289","LVA","Latvia","LVA","Latvia","LV","LVA","marine","200NM",NULL,"{5683}",NULL,"28274.115797812257"
"179","290","MAR","Morocco","MAR","Morocco","MA","MAR","land","UN Member State",NULL,NULL,NULL,"414242.4270346996"
"179","291","MAR","Morocco","MAR","Morocco","MA","MAR","marine","200NM",NULL,"{8367}",NULL,"280440.0212973416"
"180","292","MCO","Monaco","MCO","Monaco","MC","MCO","land","UN Member State",NULL,NULL,NULL,"1.964143319365561"
"180","293","MCO","Monaco","MCO","Monaco","MC","MCO","marine","200NM",NULL,"{21790}",NULL,"287.81966653057503"
"181","294","MDA","Moldova","MDA","Moldova","MD","MDA","land","UN Member State",NULL,NULL,NULL,"33854.958689335625"
"182","295","MDG","Madagascar","MDG","Madagascar","MG","MDG","land","UN Member State",NULL,NULL,NULL,"591705.2114146297"
"182","296","MDG","Madagascar","MDG","Madagascar","MG","MDG","marine","200NM",NULL,"{8348}",NULL,"1194843.8215878133"
"183","297","MDV","Maldives","MDV","Maldives","MV","MDV","land","UN Member State",NULL,NULL,NULL,"235.48642963981462"
"183","298","MDV","Maldives","MDV","Maldives","MV","MDV","marine","200NM",NULL,"{8345}",NULL,"923827.2664740612"
"184","299","MEX","Mexico","MEX","Mexico","MX","MEX","land","UN Member State",NULL,NULL,NULL,"1952356.730400564"
"184","300","MEX","Mexico","MEX","Mexico","MX","MEX","marine","200NM",NULL,"{8429}",NULL,"3184754.406224588"
"185","301","MHL","Marshall Islands","MHL","Marshall Islands","MH","MHL","land","UN Member State",NULL,NULL,NULL,"177.63209423085607"
"185","302","MHL","Marshall Islands","MHL","Marshall Islands","MH","MHL","marine","200NM",NULL,"{8318}",NULL,"2004555.1283871545"
"186","303","MKD","North Macedonia","MKD","North Macedonia","MK","MKD","land","UN Member State",NULL,NULL,NULL,"25436.426713694014"
"187","304","MLI","Mali","MLI","Mali","ML","MLI","land","UN Member State",NULL,NULL,NULL,"1253089.121818321"
"188","305","MLT","Malta","MLT","Malta","MT","MLT","land","UN Member State",NULL,NULL,NULL,"313.75076886648014"
"188","306","MLT","Malta","MLT","Malta","MT","MLT","marine","200NM",NULL,"{5685}",NULL,"52913.324517434856"
"189","307","MMR","Myanmar/Burma","MMR","Myanmar/Burma","MM","MMR","land","UN Member State",NULL,NULL,NULL,"668252.9492853798"
"189","308","MMR","Myanmar/Burma","MMR","Myanmar/Burma","MM","MMR","marine","200NM",NULL,"{8482}",NULL,"496827.3894560655"
"190","309","MNE","Montenegro","MNE","Montenegro","ME","MNE","land","UN Member State",NULL,NULL,NULL,"13877.54721253573"
"190","310","MNE","Montenegro","MNE","Montenegro","ME","MNE","marine","200NM",NULL,"{5691}",NULL,"6385.946469195066"
"191","311","MNG","Mongolia","MNG","Mongolia","MN","MNG","land","UN Member State",NULL,NULL,NULL,"1565119.815007537"
"192","312","MOZ","Mozambique","MOZ","Mozambique","MZ","MOZ","land","UN Member State",NULL,NULL,NULL,"787287.1526435245"
"192","313","MOZ","Mozambique","MOZ","Mozambique","MZ","MOZ","marine","200NM",NULL,"{8347}",NULL,"565473.3019343669"
"193","314","MRT","Mauritania","MRT","Mauritania","MR","MRT","land","UN Member State",NULL,NULL,NULL,"1037961.1494435354"
"193","315","MRT","Mauritania","MRT","Mauritania","MR","MRT","marine","200NM",NULL,"{8369}",NULL,"173122.3269202517"
"194","316","MUS","Mauritius","MUS","Mauritius","MU","MUS","land","UN Member State",NULL,NULL,NULL,"2009.7796998900722"
"194","317","MUS","Mauritius","MUS","Mauritius","MU","MUS","marine","200NM",NULL,"{8343}",NULL,"1278806.8377105736"
"195","318","MUS_GBR","Mauritius;United Kingdom",NULL,NULL,NULL,"MUS_GBR","marine","Overlapping claim","Chagos Archipelago","{62589}",NULL,"647663.029709834"
"196","319","MWI","Malawi","MWI","Malawi","MW","MWI","land","UN Member State",NULL,NULL,NULL,"118415.30590110827"
"197","320","MYS","Malaysia","MYS","Malaysia","MY","MYS","land","UN Member State",NULL,NULL,NULL,"329787.3417408621"
"197","321","MYS","Malaysia","MYS","Malaysia","MY","MYS","marine","200NM",NULL,"{8483}",NULL,"516380.8559810739"
"198","322","MYS_SGP","Malaysia;Singapore","MYS_SGP","Malaysia;Singapore","MY_SG","MYS_SGP","marine","Overlapping claim",NULL,"{64440}",NULL,"285.01626932009077"
"199","323","NAM","Namibia","NAM","Namibia","NA","NAM","land","UN Member State",NULL,NULL,NULL,"823884.3603314832"
"199","324","NAM","Namibia","NAM","Namibia","NA","NAM","marine","200NM",NULL,"{8395}",NULL,"562073.5570601327"
"200","325","NER","Niger","NER","Niger","NE","NER","land","UN Member State",NULL,NULL,NULL,"1181603.5552930415"
"201","326","NGA","Nigeria","NGA","Nigeria","NG","NGA","land","UN Member State",NULL,NULL,NULL,"910219.4455993017"
"201","327","NGA","Nigeria","NGA","Nigeria","NG","NGA","marine","200NM",NULL,"{8474}",NULL,"176345.5022044502"
"202","328","NIC","Nicaragua","NIC","Nicaragua","NI","NIC","land","UN Member State",NULL,NULL,NULL,"128502.4527293663"
"202","329","NIC","Nicaragua","NIC","Nicaragua","NI","NIC","marine","200NM",NULL,"{8425}",NULL,"213339.0949259849"
"203","330","NLD","Netherlands","ABW","Aruba","AW","ABW","land","NL Self-Governing Territory",NULL,NULL,NULL,"179.28948824365884"
"203","331","NLD","Netherlands","ABW","Aruba","AW","ABW","marine","200NM",NULL,"{26519}",NULL,"29973.90196588923"
"204","332","NLD","Netherlands","BES","Bonaire, Sint Eustatius and Saba","BQ","BES","land","NL Non-Self-Governing Territory",NULL,NULL,NULL,"312.9057684210063"
"204","333","NLD","Netherlands","BES","Bonaire, Sint Eustatius and Saba","BQ","BES","marine","200NM",NULL,"{26518,26520,26526}",NULL,"24677.451860125657"
"205","334","NLD","Netherlands","CUW","Curaçao","CW","CUW","land","NL Self-Governing Territory",NULL,NULL,NULL,"432.30373452762854"
"205","335","NLD","Netherlands","CUW","Curaçao","CW","CUW","marine","200NM",NULL,"{26517}",NULL,"25397.159236781205"
"206","336","NLD","Netherlands","NLD","Netherlands","NL","NLD","land","UN Member State",NULL,NULL,NULL,"37398.98229394328"
"206","337","NLD","Netherlands","NLD","Netherlands","NL","NLD","marine","200NM",NULL,"{5668}",NULL,"62019.67391438121"
"207","338","NLD","Netherlands","SXM","Sint-Maarten","SX","SXM","land","NL Self-Governing Territory",NULL,NULL,NULL,"35.36279554055782"
"207","339","NLD","Netherlands","SXM","Sint-Maarten","SX","SXM","marine","200NM",NULL,"{21803}",NULL,"467.06427457100244"
"208","340","NOR","Norway","BVT","Bouvet Island","BV","BVT","land","NO Territory",NULL,NULL,NULL,"49.03003305772059"
"209","341","NOR","Norway","NOR","Norway","NO","NOR","land","UN Member State",NULL,NULL,NULL,"323263.982662928"
"209","342","NOR","Norway","NOR","Norway","NO","NOR","marine","200NM",NULL,"{5686}",NULL,"933539.1934410974"
"210","343","NOR","Norway","SJM","Svalbard and Jan Mayen","SJ","SJM","land","NO Territory",NULL,NULL,NULL,"61108.24913406501"
"210","344","NOR","Norway","SJM","Svalbard and Jan Mayen","SJ","SJM","marine","200NM",NULL,"{8437,33181}",NULL,"1055934.7700640834"
"211","345","NOR_RUS","Norway;Russian Federation","NOR_RUS","Norway;Russian Federation","NO_RU","NOR_RUS","marine","Joint regime","Norway;Russia","{64459}",NULL,"3398.2420395975055"
"212","346","NOR_SWE","Norway;Sweden","NOR_SWE","Norway;Sweden","NO_SE","NOR_SWE","marine","Joint regime",NULL,"{48977}",NULL,"126.08479568336594"
"213","347","NPL","Nepal","NPL","Nepal","NP","NPL","land","UN Member State",NULL,NULL,NULL,"147568.28738181948"
"214","348","NRU","Nauru","NRU","Nauru","NR","NRU","land","UN Member State",NULL,NULL,NULL,"20.943843715185192"
"214","349","NRU","Nauru","NRU","Nauru","NR","NRU","marine","200NM",NULL,"{8317}",NULL,"309192.10901291564"
"215","350","NZL","New Zealand","COK","Cook Islands","CK","COK","land","NZ Territory",NULL,NULL,NULL,"247.63211552935772"
"215","351","NZL","New Zealand","COK","Cook Islands","CK","COK","marine","200NM",NULL,"{8446}",NULL,"1969371.202264796"
"216","352","NZL","New Zealand","NIU","Niue","NU","NIU","land","NZ Territory",NULL,NULL,NULL,"261.2690608120016"
"216","353","NZL","New Zealand","NIU","Niue","NU","NIU","marine","200NM",NULL,"{8447}",NULL,"318093.69924349344"
"217","354","NZL","New Zealand","NZL","New Zealand","NZ","NZL","land","UN Member State",NULL,NULL,NULL,"269006.36074058316"
"217","355","NZL","New Zealand","NZL","New Zealand","NZ","NZL","marine","200NM",NULL,"{8455}",NULL,"4105986.8975117686"
"218","356","NZL","New Zealand","TKL","Tokelau","TK","TKL","land","NZ Non-Self-Governing Territory",NULL,NULL,NULL,"213.73751710330495"
"218","357","NZL","New Zealand","TKL","Tokelau","TK","TKL","marine","200NM",NULL,"{8449}",NULL,"320558.402216637"
"219","358","OMN","Oman","OMN","Oman","OM","OMN","land","UN Member State",NULL,NULL,NULL,"308525.05835877144"
"219","359","OMN","Oman","OMN","Oman","OM","OMN","marine","200NM",NULL,"{8354}",NULL,"556465.1915281416"
"220","360","PAK","Pakistan","PAK","Pakistan","PK","PAK","land","UN Member State",NULL,NULL,NULL,"788379.7119074786"
"220","361","PAK","Pakistan","PAK","Pakistan","PK","PAK","marine","200NM",NULL,"{8359}",NULL,"229979.78179428924"
"221","362","PAN","Panama","PAN","Panama","PA","PAN","land","UN Member State",NULL,NULL,NULL,"75209.39086796176"
"221","363","PAN","Panama","PAN","Panama","PA","PAN","marine","200NM",NULL,"{8423}",NULL,"330780.61224763514"
"222","364","PER","Peru","PER","Peru","PE","PER","land","UN Member State",NULL,NULL,NULL,"1292446.7788886975"
"222","365","PER","Peru","PER","Peru","PE","PER","marine","200NM",NULL,"{8432}",NULL,"846995.2629301538"
"223","366","PER_ECU","Peru;Ecuador","PER_ECU","Peru;Ecuador","PE_EC","PER_ECU","marine","Joint regime",NULL,"{48962}",NULL,"16105.712824349555"
"224","367","PHL","Philippines","PHL","Philippines","PH","PHL","land","UN Member State",NULL,NULL,NULL,"294603.4553110327"
"224","368","PHL","Philippines","PHL","Philippines","PH","PHL","marine","200NM",NULL,"{8322}",NULL,"1965947.2001943411"
"225","369","PLW","Palau","PLW","Palau","PW","PLW","land","UN Member State",NULL,NULL,NULL,"457.82187054666286"
"225","370","PLW","Palau","PLW","Palau","PW","PLW","marine","200NM",NULL,"{8315}",NULL,"616487.9338323245"
"226","371","PNG","Papua New Guinea","PNG","Papua New Guinea","PG","PNG","land","UN Member State",NULL,NULL,NULL,"462273.16416421515"
"226","372","PNG","Papua New Guinea","PNG","Papua New Guinea","PG","PNG","marine","200NM",NULL,"{8324}",NULL,"2399484.461714394"
"227","373","PNG_AUS","Papua New Guinea;Australia","PNG_AUS","Papua New Guinea;Australia","PG_AU","PNG_AUS","marine","Joint regime",NULL,"{21798}",NULL,"2628.801228176676"
"228","374","POL","Poland","POL","Poland","PL","POL","land","UN Member State",NULL,NULL,NULL,"311951.453808271"
"228","375","POL","Poland","POL","Poland","PL","POL","marine","200NM",NULL,"{5687}",NULL,"30441.858681122474"
"229","376","PRK","North Korea","PRK","North Korea","KP","PRK","land","UN Member State",NULL,NULL,NULL,"122707.10670963525"
"229","377","PRK","North Korea","PRK","North Korea","KP","PRK","marine","200NM",NULL,"{8328}",NULL,"114101.81994909732"
"230","378","PRT","Portugal","PRT","Portugal","PT","PRT","land","UN Member State",NULL,NULL,NULL,"91901.6653376811"
"230","379","PRT","Portugal","PRT","Portugal","PT","PRT","marine","200NM","Azores;Madeira;Main","{5688,8361,8363}",NULL,"1728300.9899764543"
"231","380","PRY","Paraguay","PRY","Paraguay","PY","PRY","land","UN Member State",NULL,NULL,NULL,"399959.3310231619"
"232","381","PSE","Palestine","PSE","Palestine","PS","PSE","land","Non-member observer state",NULL,NULL,NULL,"6143.513819902679"
"233","382","PSE_ISR","Palestine;Israel","PSE_ISR","Palestine;Israel","PS_IL","PSE_ISR","marine","200NM",NULL,"{48953}",NULL,"1149.8397976012625"
"234","383","QAT","Qatar","QAT","Qatar","QA","QAT","land","UN Member State",NULL,NULL,NULL,"11565.462126999146"
"234","384","QAT","Qatar","QAT","Qatar","QA","QAT","marine","200NM",NULL,"{8468}",NULL,"31409.647793205382"
"235","385","QAT_SAU_ARE","Qatar;Saudi Arabia;United Arab Emirates","QAT_SAU_ARE","Qatar;Saudi Arabia;United Arab Emirates","QA_SA_AE","QAT_SAU_ARE","marine","Overlapping claim",NULL,"{50170}",NULL,"124.69508660740959"
"236","386","ROU","Romania","ROU","Romania","RO","ROU","land","UN Member State",NULL,NULL,NULL,"238368.47833579016"
"236","387","ROU","Romania","ROU","Romania","RO","ROU","marine","200NM",NULL,"{5689}",NULL,"29606.972513312026"
"237","388","RUS","Russian Federation","RUS","Russian Federation","RU","RUS","land","UN Member State",NULL,NULL,NULL,"16933940.94008165"
"237","389","RUS","Russian Federation","RUS","Russian Federation","RU","RUS","marine","200NM",NULL,"{5690}",NULL,"7676420.92617471"
"238","390","RWA","Rwanda","RWA","Rwanda","RW","RWA","land","UN Member State",NULL,NULL,NULL,"25274.566375560284"
"239","391","SAU","Saudi Arabia","SAU","Saudi Arabia","SA","SAU","land","UN Member State",NULL,NULL,NULL,"1924859.3890145854"
"239","392","SAU","Saudi Arabia","SAU","Saudi Arabia","SA","SAU","marine","200NM",NULL,"{8356}",NULL,"224363.1491709395"
"240","393","SDN","Sudan","SDN","Sudan","SD","SDN","land","UN Member State",NULL,NULL,NULL,"1843480.5116597316"
"240","394","SDN","Sudan","SDN","Sudan","SD","SDN","marine","200NM",NULL,"{8355}",NULL,"62856.01569077546"
"241","395","SDN_EGY","Sudan;Egypt",NULL,NULL,NULL,"SDN_EGY","marine","Overlapping claim","Halaib Triangle","{26582}",NULL,"19748.91194102355"
"242","396","SEN","Senegal","SEN","Senegal","SN","SEN","land","UN Member State",NULL,NULL,NULL,"196556.90541746537"
"242","397","SEN","Senegal","SEN","Senegal","SN","SEN","marine","200NM",NULL,"{8371}",NULL,"123155.59849022402"
"243","398","SEN_GNB","Senegal;Guinea-Bissau","SEN_GNB","Senegal;Guinea-Bissau","SN_GW","SEN_GNB","marine","Joint regime",NULL,"{48964}",NULL,"63469.950078840586"
"244","399","SGP","Singapore","SGP","Singapore","SG","SGP","land","UN Member State",NULL,NULL,NULL,"748.3401210306613"
"244","400","SGP","Singapore","SGP","Singapore","SG","SGP","marine","200NM",NULL,"{8485}",NULL,"607.7255481063763"
"245","401","SKM","Slovakia","SKM","Slovakia","SK","SVK","land","UN Member State",NULL,NULL,NULL,"49022.04742492723"
"246","402","SLB","Solomon Islands","SLB","Solomon Islands","SB","SLB","land","UN Member State",NULL,NULL,NULL,"28061.92559009919"
"246","403","SLB","Solomon Islands","SLB","Solomon Islands","SB","SLB","marine","200NM",NULL,"{8314}",NULL,"1602996.2524464303"
"247","404","SLE","Sierra Leone","SLE","Sierra Leone","SL","SLE","land","UN Member State",NULL,NULL,NULL,"72637.48299208422"
"247","405","SLE","Sierra Leone","SLE","Sierra Leone","SL","SLE","marine","200NM",NULL,"{8390}",NULL,"160288.98946635114"
"248","406","SLV","El Salvador","SLV","El Salvador","SV","SLV","land","UN Member State",NULL,NULL,NULL,"20751.217291008685"
"248","407","SLV","El Salvador","SLV","El Salvador","SV","SLV","marine","200NM",NULL,"{8428}",NULL,"95065.97111180701"
"249","408","SMR","San Marino","SMR","San Marino","SM","SMR","land","UN Member State",NULL,NULL,NULL,"61.33961680876507"
"250","409","SOM","Somalia","SOM","Somalia","SO","SOM","land","UN Member State",NULL,NULL,NULL,"635524.8442264479"
"250","410","SOM","Somalia","SOM","Somalia","SO","SOM","marine","200NM",NULL,"{8350}",NULL,"821330.1473089786"
"251","411","SRB","Serbia","SRB","Serbia","RS","SRB","land","UN Member State",NULL,NULL,NULL,"88388.34249243724"
"252","412","SSD","South Sudan","SSD","South Sudan","SS","SSD","land","UN Member State",NULL,NULL,NULL,"629763.7557222832"
"253","413","STP","São Tomé and Príncipe","STP","São Tomé and Príncipe","ST","STP","land","UN Member State",NULL,NULL,NULL,"991.8233826867129"
"253","414","STP","São Tomé and Príncipe","STP","São Tomé and Príncipe","ST","STP","marine","200NM",NULL,"{8397}",NULL,"130845.83996880689"
"254","415","STP_NGA","São Tomé and Príncipe;Nigeria","STP_NGA","São Tomé and Príncipe;Nigeria","ST_NG","STP_NGA","marine","Joint regime","São Tomé and Principe;Nigeria","{21797}",NULL,"34534.27034464701"
"255","416","SUR","Suriname","SUR","Suriname","SR","SUR","land","UN Member State",NULL,NULL,NULL,"145617.02325194536"
"255","417","SUR","Suriname","SUR","Suriname","SR","SUR","marine","200NM",NULL,"{8461}",NULL,"133279.83450938103"
"256","418","SVN","Slovenia","SVN","Slovenia","SI","SVN","land","UN Member State",NULL,NULL,NULL,"20273.53755520825"
"256","419","SVN","Slovenia","SVN","Slovenia","SI","SVN","marine","200NM",NULL,"{5692}",NULL,"209.55455239674086"
"257","420","SWE","Sweden","SWE","Sweden","SE","SWE","land","UN Member State",NULL,NULL,NULL,"449639.2230696675"
"257","421","SWE","Sweden","SWE","Sweden","SE","SWE","marine","200NM",NULL,"{5694}",NULL,"156300.3742791962"
"258","422","SWZ","Eswatini","SWZ","Eswatini","SZ","SWZ","land","UN Member State",NULL,NULL,NULL,"17359.236473106226"
"259","423","SYC","Seychelles","SYC","Seychelles","SC","SYC","land","UN Member State",NULL,NULL,NULL,"463.44450524211254"
"259","424","SYC","Seychelles","SYC","Seychelles","SC","SYC","marine","200NM",NULL,"{8337}",NULL,"1341367.6354457312"
"260","425","SYR","Syria","SYR","Syria","SY","SYR","land","UN Member State",NULL,NULL,NULL,"187845.76491588476"
"260","426","SYR","Syria","SYR","Syria","SY","SYR","marine","200NM",NULL,"{8373}",NULL,"10271.185604551094"
"261","427","TCD","Chad","TCD","Chad","TD","TCD","land","UN Member State",NULL,NULL,NULL,"1270212.304477315"
"262","428","TGO","Togo","TGO","Togo","TG","TGO","land","UN Member State",NULL,NULL,NULL,"56828.49052026615"
"262","429","TGO","Togo","TGO","Togo","TG","TGO","marine","200NM",NULL,"{8392}",NULL,"15449.527005527676"
"263","430","THA","Thailand","THA","Thailand","TH","THA","land","UN Member State",NULL,NULL,NULL,"515210.1979388168"
"263","431","THA","Thailand","THA","Thailand","TH","THA","marine","200NM",NULL,"{8332}",NULL,"297088.6147003427"
"264","432","TJK","Tajikistan","TJK","Tajikistan","TJ","TJK","land","UN Member State",NULL,NULL,NULL,"141205.21553740103"
"265","433","TKM","Turkmenistan","TKM","Turkmenistan","TM","TKM","land","UN Member State",NULL,NULL,NULL,"470996.80912101956"
"265","434","TKM","Turkmenistan","TKM","Turkmenistan","TM","TKM","marine","200NM",NULL,"{26523}",NULL,"78716.06736365914"
"266","435","TLS","Timor-Leste","TLS","Timor-Leste","TL","TLS","land","UN Member State",NULL,NULL,NULL,"14894.967795246146"
"266","436","TLS","Timor-Leste","TLS","Timor-Leste","TL","TLS","marine","200NM","Oecusse;Main","{8758,21791}",NULL,"77468.97234337292"
"267","437","TON","Tonga","TON","Tonga","TO","TON","land","UN Member State",NULL,NULL,NULL,"705.7218647145334"
"267","438","TON","Tonga","TON","Tonga","TO","TON","marine","200NM",NULL,"{8448}",NULL,"666023.0548945884"
"268","439","TTO","Trinidad and Tobago","TTO","Trinidad and Tobago","TT","TTO","land","UN Member State",NULL,NULL,NULL,"5145.26742098339"
"268","440","TTO","Trinidad and Tobago","TTO","Trinidad and Tobago","TT","TTO","marine","200NM",NULL,"{8420}",NULL,"76587.17456679876"
"269","441","TUN","Tunisia","TUN","Tunisia","TN","TUN","land","UN Member State",NULL,NULL,NULL,"155277.5748900601"
"269","442","TUN","Tunisia","TUN","Tunisia","TN","TUN","marine","200NM",NULL,"{8366}",NULL,"99768.16675372"
"270","443","TUR","Türkiye","TUR","Türkiye","TR","TUR","land","UN Member State",NULL,NULL,NULL,"779616.9889710366"
"270","444","TUR","Türkiye","TUR","Türkiye","TR","TUR","marine","200NM",NULL,"{5697}",NULL,"262045.16002979747"
"271","445","TUV","Tuvalu","TUV","Tuvalu","TV","TUV","land","UN Member State",NULL,NULL,NULL,"25.91944283772981"
"271","446","TUV","Tuvalu","TUV","Tuvalu","TV","TUV","marine","200NM",NULL,"{8326}",NULL,"753064.0572350459"
"272","447","TZA","United Republic of Tanzania","TZA","United Republic of Tanzania","TZ","TZA","land","UN Member State",NULL,NULL,NULL,"940582.7196910271"
"272","448","TZA","United Republic of Tanzania","TZA","United Republic of Tanzania","TZ","TZA","marine","200NM",NULL,"{8479}",NULL,"241554.23683805548"
"273","449","UGA","Uganda","UGA","Uganda","UG","UGA","land","UN Member State",NULL,NULL,NULL,"241471.67080188912"
"274","450","UKR","Ukraine","UKR","Ukraine","UA","UKR","land","UN Member State",NULL,NULL,NULL,"598442.5821409707"
"274","451","UKR","Ukraine","UKR","Ukraine","UA","UKR","marine","200NM",NULL,"{5695}",NULL,"136303.72618362278"
"275","452","URY","Uruguay","URY","Uruguay","UY","URY","land","UN Member State",NULL,NULL,NULL,"177550.21227860177"
"275","453","URY","Uruguay","URY","Uruguay","UY","URY","marine","200NM",NULL,"{8467}",NULL,"121658.33273492426"
"276","454","URY_ARG","Uruguay;Argentina","URY_ARG","Uruguay;Argentina","UY_AR","URY_ARG","marine","Joint regime",NULL,"{48961}",NULL,"41421.0877436114"
"277","455","USA","United States","ASM","American Samoa","AS","ASM","land","US Non-Self-Governing Territory",NULL,NULL,NULL,"200.0396088567983"
"277","456","USA","United States","ASM","American Samoa","AS","ASM","marine","200NM",NULL,"{8444}",NULL,"405835.51747029467"
"278","457","USA","United States","GUM","Guam","GU","GUM","land","US Non-Self-Governing Territory",NULL,NULL,NULL,"544.6427780994264"
"278","458","USA","United States","GUM","Guam","GU","GUM","marine","200NM",NULL,"{48957}",NULL,"208214.35643697783"
"279","459","USA","United States","MNP","Northern Mariana Islands","MP","MNP","land","US Territory",NULL,NULL,NULL,"472.25894896862286"
"279","460","USA","United States","MNP","Northern Mariana Islands","MP","MNP","marine","200NM",NULL,"{48980}",NULL,"763454.8869807385"
"280","461","USA","United States","PRI","Puerto Rico","PR","PRI","land","US Territory",NULL,NULL,NULL,"8950.361651553081"
"280","462","USA","United States","PRI","Puerto Rico","PR","PRI","marine","200NM",NULL,"{33179}",NULL,"154673.54296005657"
"281","463","USA","United States","UMI","United States Minor Outlying Islands","UM","UMI","land","US Territory",NULL,NULL,NULL,"23.060594362927308"
"281","464","USA","United States","UMI","United States Minor Outlying Islands","UM","UMI","marine","200NM","Jarvis Island;Palmyra Atoll;Howland and Baker Islands;Johnston Atoll","{8442,8443,8451,8452}",NULL,"1553705.1488222897"
"282","465","USA","United States","USA","United States","US","USA","land","UN Member State",NULL,NULL,NULL,"9486702.691522652"
"282","466","USA","United States","USA","United States","US","USA","marine","200NM","Hawaii;Alaska;Main","{8453,8456,8463}",NULL,"8590457.899859313"
"283","467","USA","United States","VIR","Us Virgin Islands","VI","VIR","land","US Non-Self-Governing Territory",NULL,NULL,NULL,"351.381553925695"
"283","468","USA","United States","VIR","Us Virgin Islands","VI","VIR","marine","200NM",NULL,"{33180}",NULL,"38287.51512061652"
"284","469","USA","United States","XXL","Navassa Island","XL","XL","land","US Territory",NULL,NULL,NULL,"4.621802353858855"
"285","470","USA_DOM","United States;Dominican Republic","PRI_DOM","Puerto Rico;Dominican Republic","PR_DO","PRI_DOM","marine","Overlapping claim","Puerto Rico;Dominican Republic","{48982}",NULL,"18282.8990849908"
"286","471","USA_MHL","United States;Marshall Islands","UMI","United States Minor Outlying Islands","UM","UMI","marine","Overlapping claim","Wake Island / Enenkio","{8319}",NULL,"406928.59272237803"
"287","472","USA_RUS","United States;Russian Federation","USA_RUS","United States;Russian Federation","US_RU","USA_RUS","marine","Joint regime","United States;Russia","{48978}",NULL,"8466.436435187941"
"288","473","UZB","Uzbekistan","UZB","Uzbekistan","UZ","UZB","land","UN Member State",NULL,NULL,NULL,"447474.61287790735"
"289","474","VAT","Vatican City","VAT","Vatican City","VA","VAT","land","The City of Vatican",NULL,NULL,NULL,"0.4144255078487396"
"290","475","VCT","Saint Vincent and The Grenadines","VCT","Saint Vincent and The Grenadines","VC","VCT","land","UN Member State",NULL,NULL,NULL,"391.0377274835088"
"290","476","VCT","Saint Vincent and The Grenadines","VCT","Saint Vincent and The Grenadines","VC","VCT","marine","200NM",NULL,"{8421}",NULL,"36250.88056482561"
"291","477","VEN","Venezuela","VEN","Venezuela","VE","VEN","land","UN Member State",NULL,NULL,NULL,"912864.9575127562"
"291","478","VEN","Venezuela","VEN","Venezuela","VE","VEN","marine","200NM",NULL,"{8433}",NULL,"470800.31329957326"
"292","479","VEN_NLD_DOM","Venezuela;Netherlands;Dominican Republic","VEN_ABW_DOM","Venezuela;Aruba;Dominican Republic","VE_AW_DO","VEN_ABW_DOM","marine","Overlapping claim","Venezuela;Aruba;Dominican Republic","{48965}",NULL,"1114.6631405041007"
"293","480","VNM","Viet nam","VNM","Viet nam","VN","VNM","land","UN Member State",NULL,NULL,NULL,"328890.4586913665"
"293","481","VNM","Viet nam","VNM","Viet nam","VN","VNM","marine","200NM",NULL,"{8484}",NULL,"750060.003440052"
"294","482","VUT","Vanuatu","VUT","Vanuatu","VU","VUT","land","UN Member State",NULL,NULL,NULL,"12206.275626903098"
"294","483","VUT","Vanuatu","VUT","Vanuatu","VU","VUT","marine","200NM",NULL,"{8313}",NULL,"626016.6763699488"
"295","484","WSM","Samoa","WSM","Samoa","WS","WSM","land","UN Member State",NULL,NULL,NULL,"2834.4389649376326"
"295","485","WSM","Samoa","WSM","Samoa","WS","WSM","marine","200NM",NULL,"{8445}",NULL,"130499.6163744688"
"296","486","YEM","Yemen","YEM","Yemen","YE","YEM","land","UN Member State",NULL,NULL,NULL,"452936.9502248109"
"296","487","YEM","Yemen","YEM","Yemen","YE","YEM","marine","200NM",NULL,"{8353}",NULL,"527471.867330331"
"297","488","ZAF","South Africa","ZAF","South Africa","ZA","ZAF","land","UN Member State",NULL,NULL,NULL,"1220116.6806797804"
"297","489","ZAF","South Africa","ZAF","South Africa","ZA","ZAF","marine","200NM","Prince Edward Islands;Main","{8384,8396}",NULL,"1547197.2040169812"
"298","490","ZMB","Zambia","ZMB","Zambia","ZM","ZMB","land","UN Member State",NULL,NULL,NULL,"750747.9228100528"
"299","491","ZWE","Zimbabwe","ZWE","Zimbabwe","ZW","ZWE","land","UN Member State",NULL,NULL,NULL,"390670.0358691487"
"300","492",NULL,NULL,"XJL","No mans land","XJL","XJL","land","Sovereignty unsettled",NULL,NULL,NULL,"78.23680599126189"
"301","493",NULL,NULL,"XXA","Paracel Islands","XA","XA","land","Sovereignty unsettled",NULL,NULL,NULL,"9.799578542167247"
"302","494",NULL,NULL,"XXB","Spratly Islands","XB","XB","land","Sovereignty unsettled",NULL,NULL,NULL,"16.76017600590851"
"303","495",NULL,NULL,"XXC","Aksai Chin","XC","XC","land","Sovereignty unsettled",NULL,NULL,NULL,"30591.15924455515"
"304","496",NULL,NULL,"XXD","Arunachal Pradesh","XD","XD","land","Sovereignty unsettled",NULL,NULL,NULL,"68147.36465685241"
"305","497",NULL,NULL,"XXE","China/India","XE","XE","land","Sovereignty unsettled",NULL,NULL,NULL,"3572.7746763009136"
"306","498",NULL,NULL,"XXF","Hala'Ib Triangle","XF","XF","land","Sovereignty unsettled",NULL,NULL,NULL,"18030.3556006043"
"307","499",NULL,NULL,"XXG","Ilemi Triangle","XG","XG","land","Sovereignty unsettled",NULL,NULL,NULL,"3311.3916654264667"
"308","500",NULL,NULL,"XXH","Jammu Kashmir","XH","XH","land","Sovereignty unsettled",NULL,NULL,NULL,"185918.71520924682"
"309","501",NULL,NULL,"XXJ","Liancourt Rock","XJ","XJ","land","Sovereignty unsettled",NULL,NULL,NULL,"0.19866499770116805"
"310","502",NULL,NULL,"XXM","Scarborough Reef","XM","XM","land","Sovereignty unsettled",NULL,NULL,NULL,"8.831005630802528"
"311","503",NULL,NULL,"XXN","Senkaku Islands","XN","XN","land","Sovereignty unsettled",NULL,NULL,NULL,"9.42313416192057"
"312","504",NULL,NULL,"XXR","Equatorial Guinea/Gabon (disputed territory) ","XXR","XXR","land","Sovereignty unsettled",NULL,NULL,NULL,"225.6291791418583"
"313","505",NULL,NULL,"XXS","Chagos Islands (disputed territory)","XXS","XXS","land","Sovereignty unsettled",NULL,NULL,NULL,"51.52749480358935"
"314","506",NULL,NULL,"XXT","Sapodilla Cayes","XXT","XXT","land","Sovereignty unsettled",NULL,NULL,NULL,"0.2387868337328434"
"315","507",NULL,NULL,"XXU","Abyei","XU","XU","land","Sovereignty unsettled",NULL,NULL,NULL,"10496.245997869459"
"316","508",NULL,NULL,"XXV","Bir Tawil (Disputed Territory)","XV","XV","land","Sovereignty unsettled",NULL,NULL,NULL,"2000.7389725067974"
"317","509",NULL,NULL,"XXW","Belize/Guatemala","XXW","XXW","land","Sovereignty unsettled",NULL,NULL,NULL,"7880.044034113562"
"318","510",NULL,NULL,"XXY","Essequibo","XXY","XXY","land","Sovereignty unsettled",NULL,NULL,NULL,"143136.47021390492"
"319","511",NULL,NULL,"XXZ","Kuril Islands","XI","XI","land","Sovereignty unsettled",NULL,NULL,NULL,"5005.2826326558115"
