"fid"|"name"|"iso3"|"iso2"|"un_m49"|"status"|"tot_vector_sqkm"|"tot_sqkm"|"tot_prot_sqkm"|"tot_perc_prot"|"ter_sqkm"|"ter_prot_sqkm"|"ter_perc_prot"|"mar_sqkm"|"mar_prot_sqkm"|"mar_perc_prot"
1|"Area Beyond National Jurisdiction"|"ABNJ"|"ABNJ"|"9999"|NULL|"212348441.284297"|"212348451.62321442"|"1086083.267305763"|"0.51"|NULL|NULL|NULL|"212348451.6232018"|"1086083.267305763"|"0.51"
2|"Aruba"|"ABW"|"AW"|"533"|NULL|"30195.2707494041"|"30152.134218990213"|"35.66291956837976"|"0.12"|"188.33220041705837"|"35.63600939379872"|"18.92"|"29963.80201857315"|"0.0269101745810434"|"0.00"
3|"Afghanistan"|"AFG"|"AF"|"4"|NULL|"641812.047791617"|"641838.3654120909"|"1197.6945584079617"|"0.19"|"641838.3654120908"|"1197.6945584079617"|"0.19"|NULL|NULL|NULL
4|"Angola"|"AGO"|"AO"|"24"|NULL|"1743259.29033011"|"1742720.2490185527"|"86934.70906712532"|"4.99"|"1247113.5090459257"|"86910.72941025443"|"6.97"|"495606.73997262766"|"23.979656870897312"|"0.00"
5|"Anguilla"|"AIA"|"AI"|"660"|NULL|"90242.0308816895"|"90240.3839030039"|"38.16860928115853"|"0.04"|"85.07439697458886"|"6.172625182024599"|"7.26"|"90155.30950602933"|"31.995984099133942"|"0.04"
6|"Albania"|"ALB"|"AL"|"8"|NULL|"40931.3627817737"|"40931.36196210848"|"5730.9658753421445"|"14.00"|"28691.886965850692"|"5423.779600118552"|"18.90"|"12239.474996257779"|"307.18627522359924"|"2.51"
7|"Andorra"|"AND"|"AD"|"20"|NULL|"474.625165242314"|"474.6286300361245"|"148.17688764787243"|"31.22"|"474.6286300361244"|"148.17688764787246"|"31.22"|NULL|NULL|NULL
8|"United Arab Emirates"|"ARE"|"AE"|"784"|NULL|"124020.99847146"|"124133.20899537293"|"18871.081615592564"|"15.20"|"71005.6111707148"|"12646.561786468568"|"17.81"|"53127.597824658136"|"6224.519829123984"|"11.72"
9|"Argentina"|"ARG"|"AR"|"32"|NULL|"3832692.78103246"|"3833220.5571733406"|"322564.8981515569"|"8.41"|"2780335.6317347893"|"234557.54173560743"|"8.44"|"1052884.925438555"|"88007.35641594909"|"8.36"
10|"Argentina|Falkland Islands (Malvinas)"|"ARG|FLK"|"AR|FK"|"32|238"|"Disputed"|"550855.501620147"|"550410.7918215018"|"39437.03379303489"|"7.17"|"567.7798469179278"|"6.59960639413627"|"1.16"|"549843.0119745836"|"39430.434186640785"|"7.17"
11|"Argentina|South Georgia and the South Sandwich Islands"|"ARG|SGS"|"AR|GS"|"32|239"|"Disputed"|"1287659.59404654"|"1287660.2013237237"|"1236804.9696532185"|"96.05"|"271.4195173636867"|"240.73916314291384"|"88.70"|"1287388.7818063586"|"1236564.2304900736"|"96.05"
12|"Argentina|Uruguay"|"ARG|URY"|"AR|UY"|"32|858"|"Joint regime"|"41411.8894087373"|"41411.501098799505"|"0.4914421066494278"|"0.00"|"0.19142106958657523"|"0.00615294059292972"|"3.21"|"41411.309677729936"|"0.4852891660564981"|"0.00"
13|"Armenia"|"ARM"|"AM"|"51"|NULL|"29623.5994831923"|"29623.491514690664"|"7139.472379325082"|"24.10"|"29623.49151469068"|"7139.472379325081"|"24.10"|NULL|NULL|NULL
14|"American Samoa"|"ASM"|"AS"|"16"|NULL|"406040.906554495"|"406051.9898859314"|"35173.80660274698"|"8.66"|"209.2868166008019"|"33.14933526591248"|"15.84"|"405842.70306933066"|"35140.657267481074"|"8.66"
15|"Antarctica"|"ATA"|"AQ"|"10"|NULL|"22143367.2959135"|"22142922.02574231"|"1775208.747019824"|"8.02"|"12343768.376993833"|"24464.04419737418"|"0.20"|"9799153.648748457"|"1750744.7028224498"|"17.87"
16|"French Southern Territories"|"ATF"|"TF"|"260"|NULL|"1958049.57618547"|"1957728.361707515"|"1647037.386792994"|"84.13"|"7862.975831754818"|"7854.377672837905"|"99.89"|"1949865.38587576"|"1639183.009120157"|"84.07"
17|"Antigua and Barbuda"|"ATG"|"AG"|"28"|NULL|"112014.299399149"|"111998.36642826813"|"451.68286154423464"|"0.40"|"452.89277067728716"|"84.18041657295562"|"18.59"|"111545.47365759088"|"367.5024449712789"|"0.33"
18|"Australia"|"AUS"|"AU"|"36"|NULL|"15032005.3510344"|"15032486.7079675"|"4513531.547419261"|"30.03"|"7690197.974348246"|"1490324.8081654347"|"19.38"|"7342288.733619137"|"3023206.7392538446"|"41.18"
19|"Australia|Papua New Guinea"|"AUS|PNG"|"AU|PG"|"36|598"|"Joint regime"|"3723.16993404242"|"3722.7626419830945"|NULL|NULL|"20.8775609448801"|NULL|NULL|"3701.885081038214"|NULL|NULL
20|"Australia|Timor-Leste"|"AUS|TLS"|"AU|TL"|"36|626"|"Joint regime"|"35039.6888345249"|"35039.785048929836"|"0.00839798254671693"|"0.00"|NULL|NULL|NULL|"35039.785048929836"|"0.00839798254671693"|"0.00"
21|"Austria"|"AUT"|"AT"|"40"|NULL|"83964.2248939032"|"83964.28428201031"|"23947.21270685083"|"28.52"|"83964.28428201033"|"23947.21270685094"|"28.52"|NULL|NULL|NULL
22|"Azerbaijan"|"AZE"|"AZ"|"31"|NULL|"164799.975416572"|"164770.37602794162"|"9234.91604843395"|"5.60"|"164770.3760279416"|"9234.916048433955"|"5.60"|NULL|NULL|NULL
23|"Burundi"|"BDI"|"BI"|"108"|NULL|"26857.1948570543"|"26857.693586242207"|"2008.9934443092757"|"7.48"|"26857.693586242214"|"2008.993444309276"|"7.48"|NULL|NULL|NULL
24|"Belgium"|"BEL"|"BE"|"56"|NULL|"34151.6402635913"|"34149.31152436303"|"8919.008077502813"|"26.12"|"30665.79998926545"|"7654.47554320815"|"24.96"|"3483.511535097515"|"1264.5325342946558"|"36.30"
25|"Benin"|"BEN"|"BJ"|"204"|NULL|"150754.301886912"|"150772.1804367577"|"32368.725759547084"|"21.47"|"115508.64372770887"|"32368.72575954708"|"28.02"|"35263.536709048836"|NULL|NULL
26|"Bonaire, Sint Eustatius and Saba"|"BES"|"BQ"|"535"|NULL|"24990.3983054984"|"24974.0182838731"|"2832.3987887543162"|"11.34"|"320.9576759974232"|"91.0489370309925"|"28.37"|"24653.06060787568"|"2741.3498517233234"|"11.12"
27|"Burkina Faso"|"BFA"|"BF"|"854"|NULL|"273279.390813149"|"273275.91146639775"|"42050.207825395104"|"15.39"|"273275.9114663976"|"42050.2078253951"|"15.39"|NULL|NULL|NULL
28|"Bangladesh"|"BGD"|"BD"|"50"|NULL|"249683.063292262"|"249802.23924005817"|"10903.637913721897"|"4.36"|"139377.07007859382"|"6415.0176312399"|"4.60"|"110425.16916146441"|"4488.620282481997"|"4.06"
29|"Bulgaria"|"BGR"|"BG"|"100"|NULL|"145925.762359098"|"145937.25312854335"|"47941.33250528244"|"32.85"|"111172.64668959702"|"45092.82368162127"|"40.56"|"34764.60643894666"|"2848.508823661098"|"8.19"
30|"Bahrain"|"BHR"|"BH"|"48"|NULL|"8272.37564556127"|"8271.924935454683"|"122.60111965798174"|"1.48"|"684.1143880064782"|"43.286342641742806"|"6.33"|"7587.810547448205"|"79.31477701623889"|"1.05"
31|"Bahamas"|"BHS"|"BS"|"44"|NULL|"631941.726226344"|"631940.8762866964"|"51927.254719318844"|"8.22"|"13401.387185874946"|"4908.494608828065"|"36.63"|"618539.4891008212"|"47018.76011049075"|"7.60"
32|"Bosnia and Herzegovina"|"BIH"|"BA"|"70"|NULL|"51157.8820728306"|"51157.9720496244"|"809.7263638507766"|"1.58"|"51145.70414265423"|"809.5282444576718"|"1.58"|"12.267906970189271"|"0.198119393104571"|"1.61"
33|"Saint Barthélemy"|"BLM"|"BL"|"652"|NULL|"4203.40555811833"|"4203.234711103442"|"4115.827402626968"|"97.92"|"24.90829902357658"|"9.111827113503068"|"36.58"|"4178.326412079865"|"4106.715575513464"|"98.29"
34|"Belarus"|"BLR"|"BY"|"112"|NULL|"207580.65710177"|"207580.76266292972"|"19313.9634908519"|"9.30"|"207580.7626629297"|"19313.963490851907"|"9.30"|NULL|NULL|NULL
35|"Belize"|"BLZ"|"BZ"|"84"|NULL|"56288.5895417143"|"56282.28587865099"|"13059.68069632998"|"23.20"|"22106.320343088086"|"8305.942469641768"|"37.57"|"34175.965535562886"|"4753.738226688201"|"13.91"
36|"Bermuda"|"BMU"|"BM"|"60"|NULL|"453215.190785124"|"453215.10653719504"|"1.757765033778195"|"0.00"|"72.25451867247577"|"1.503151565917464"|"2.08"|"453142.8520185224"|"0.25461346786073075"|"0.00"
37|"Bolivia (Plurinational State of)"|"BOL"|"BO"|"68"|NULL|"1084499.67749588"|"1084498.5031576941"|"328150.68883002043"|"30.26"|"1084498.503157692"|"328150.6888300207"|"30.26"|NULL|NULL|NULL
38|"Brazil"|"BRA"|"BR"|"76"|NULL|"12150335.9816081"|"12149853.31731515"|"3544205.743702419"|"29.17"|"8475381.185147898"|"2565127.4376748577"|"30.27"|"3674472.1321672583"|"979078.306027561"|"26.65"
39|"Barbados"|"BRB"|"BB"|"52"|NULL|"185413.909940978"|"185414.43338733888"|"88.24780399134306"|"0.05"|"441.3781012475255"|"5.590861160834118"|"1.27"|"184973.05528609137"|"82.65694283050894"|"0.04"
40|"Brunei Darussalam"|"BRN"|"BN"|"96"|NULL|"48995.8235463656"|"49000.260486459534"|"2661.916953121816"|"5.43"|"5933.400135432507"|"2609.2113242022347"|"43.97"|"43066.86035102705"|"52.705628919582935"|"0.12"
41|"Brunei Darussalam|China|Malaysia|Philippines|Viet Nam"|"BRN|CHN|MYS|PHL|VNM"|"BN|CN|MY|PH|VN"|"96|156|458|608|704"|"Disputed"|"45.7549564451905"|"45.733834795137106"|NULL|NULL|"0.38751695896908805"|NULL|NULL|"45.34631783616802"|NULL|NULL
42|"Bhutan"|"BTN"|"BT"|"64"|NULL|"37673.843887958"|"37673.843481761054"|"18038.875823572394"|"47.88"|"37673.84348176104"|"18038.875823572394"|"47.88"|NULL|NULL|NULL
43|"Bouvet Island"|"BVT"|"BV"|"74"|NULL|"441883.458208322"|"441883.53499559435"|"57.66753922016552"|"0.01"|"50.763985713771405"|"43.94811158477182"|"86.57"|"441832.7710098806"|"13.7194276353937"|"0.00"
44|"Botswana"|"BWA"|"BW"|"72"|NULL|"578246.002848567"|"578257.5115011574"|"168550.236599377"|"29.15"|"578257.5115011571"|"168550.23659937677"|"29.15"|NULL|NULL|NULL
45|"Central African Republic"|"CAF"|"CF"|"140"|NULL|"619591.304630205"|"619585.9971382157"|"111399.77322236588"|"17.98"|"619585.9971382152"|"111399.77322236591"|"17.98"|NULL|NULL|NULL
46|"Canada"|"CAN"|"CA"|"124"|NULL|"15729684.4293738"|"15729616.616185822"|"1281071.0372744077"|"8.14"|"9987176.67211851"|"1102645.8473328752"|"11.04"|"5742439.944067304"|"178425.18994152787"|"3.11"
47|"Canada|United States of America"|"CAN|USA"|"CA|US"|"124|840"|"Disputed"|"23320.9401396489"|"23356.16969702562"|NULL|NULL|NULL|NULL|NULL|"23356.16969702562"|NULL|NULL
48|"Cocos (Keeling) Islands"|"CCK"|"CC"|"166"|NULL|"467446.735248233"|"467446.78756450076"|"26.158636809130726"|"0.01"|"17.84517154912347"|NULL|NULL|"467428.9423929517"|"26.158636809130726"|"0.01"
49|"Switzerland"|"CHE"|"CH"|"756"|NULL|"41257.3163395504"|"41257.28082167028"|"4231.031248852384"|"10.26"|"41257.280821670276"|"4231.031248852398"|"10.26"|NULL|NULL|NULL
50|"Chile"|"CHL"|"CL"|"152"|NULL|"4401243.38255601"|"4401396.366558989"|"1633088.2828143563"|"37.10"|"757897.4006089614"|"153896.1835281732"|"20.31"|"3643498.965950031"|"1479192.0992861853"|"40.60"
51|"China"|"CHN"|"CN"|"156"|NULL|"10651429.5236286"|"10651357.356447227"|"164443.34957151194"|"1.54"|"9348051.398355413"|"159698.2641106415"|"1.71"|"1303305.9580918108"|"4745.085460870404"|"0.36"
53|"China|India"|"CHN|IND"|"CN|IN"|"156|356"|"Disputed"|"102156.994264859"|"102156.89000780293"|"3540.1670256358248"|"3.47"|"102156.89000780291"|"3540.167025635824"|"3.47"|NULL|NULL|NULL
54|"China|Japan"|"CHN|JPN"|"CN|JP"|"156|392"|"Disputed"|"5.44192097518428"|"5.449234229229769"|NULL|NULL|"0.763047699187279"|NULL|NULL|"4.68618653004249"|NULL|NULL
55|"China|Viet Nam"|"CHN|VNM"|"CN|VN"|"156|704"|"Disputed"|"8.05664325474769"|"8.065992977352746"|NULL|NULL|"3.5796522301721283"|NULL|NULL|"4.486340747180618"|NULL|NULL
56|"Côte d'Ivoire"|"CIV"|"CI"|"384"|NULL|"492814.429576022"|"492825.9193120529"|"74112.88249338456"|"15.04"|"321827.67030889646"|"73988.18075438851"|"22.99"|"170998.2490031566"|"124.70173899610171"|"0.07"
57|"Cameroon"|"CMR"|"CM"|"120"|NULL|"480239.538175554"|"480236.9566451678"|"54296.96235540794"|"11.31"|"465344.9577157315"|"52708.07604807558"|"11.33"|"14891.998929435926"|"1588.8863073323691"|"10.67"
58|"Congo (Democratic Republic of the)"|"COD"|"CD"|"180"|NULL|"2342647.96861195"|"2342653.718167288"|"322642.9673166159"|"13.77"|"2329489.7044336176"|"322611.8869613346"|"13.85"|"13164.013733670045"|"31.08035528127746"|"0.24"
59|"Congo"|"COG"|"CG"|"178"|NULL|"374403.976457732"|"374361.84406249964"|"145213.77130990668"|"38.79"|"340624.56415373296"|"141308.94622622037"|"41.49"|"33737.27990876703"|"3904.825083686363"|"11.57"
60|"Cook Islands"|"COK"|"CK"|"184"|NULL|"1969801.67505485"|"1969771.4613015319"|"1968677.6669338702"|"99.94"|"252.14787600360197"|"62.222057334186275"|"24.68"|"1969519.3134255288"|"1968615.4448765353"|"99.95"
61|"Colombia"|"COL"|"CO"|"170"|NULL|"1848826.56067532"|"1848552.898589565"|"263820.71204351913"|"14.27"|"1137346.5313479505"|"169416.1822297238"|"14.90"|"711206.3672416144"|"94404.5298137956"|"13.27"
62|"Colombia|Dominican Republic"|"COL|DOM"|"CO|DO"|"170|214"|"Joint regime"|"13110.6705777357"|"13110.20561862873"|NULL|NULL|NULL|NULL|NULL|"13110.20561862873"|NULL|NULL
63|"Colombia|Jamaica"|"COL|JAM"|"CO|JM"|"170|388"|"Joint regime"|"15247.4337702279"|"15250.917290476633"|NULL|NULL|NULL|NULL|NULL|"15250.917290476631"|NULL|NULL
64|"Comoros"|"COM"|"KM"|"174"|NULL|"166455.316045201"|"166449.80108913704"|"3971.990318657582"|"2.39"|"1690.6373110779625"|"570.4540131129089"|"33.74"|"164759.1637780591"|"3401.5363055446733"|"2.06"
65|"Cabo Verde"|"CPV"|"CV"|"132"|NULL|"806017.451194102"|"806019.1039781779"|"124.82345385127236"|"0.02"|"4125.338397202123"|"119.42385794426536"|"2.89"|"801893.7655809759"|"5.399595907006993"|"0.00"
66|"Costa Rica"|"CRI"|"CR"|"188"|NULL|"609764.661564477"|"609837.5574851498"|"29493.369564186203"|"4.84"|"51308.96311400623"|"14422.365904609711"|"28.11"|"558528.5943711436"|"15071.003659576487"|"2.70"
67|"Costa Rica|Ecuador"|"CRI|ECU"|"CR|EC"|"188|218"|"Joint regime"|"17336.9257301807"|"17336.62932483653"|NULL|NULL|NULL|NULL|NULL|"17336.62932483653"|NULL|NULL
68|"Cuba"|"CUB"|"CU"|"192"|NULL|"462967.460165762"|"462962.9710010404"|"32049.76164390628"|"6.92"|"111184.3459489657"|"18029.462172869527"|"16.22"|"351778.6250520749"|"14020.299471036718"|"3.99"
69|"Curaçao"|"CUW"|"CW"|"531"|NULL|"25839.7258246319"|"25836.057290316807"|"82.18694404772454"|"0.32"|"448.240003620869"|"70.57015581948531"|"15.74"|"25387.817286695936"|"11.616788228239232"|"0.05"
70|"Christmas Island"|"CXR"|"CX"|"162"|NULL|"328126.38471275"|"328129.8956431409"|"87.84909447917522"|"0.03"|"141.56097930346257"|"87.08109945721738"|"61.51"|"327988.33466383745"|"0.7679950219578334"|"0.00"
71|"Cayman Islands"|"CYM"|"KY"|"136"|NULL|"118566.860512511"|"118643.70297814647"|"123.382494233866"|"0.10"|"287.8010644522096"|"31.016882518585984"|"10.78"|"118355.90191369422"|"92.36561171527994"|"0.08"
72|"Cyprus"|"CYP"|"CY"|"196"|NULL|"107717.540539384"|"107720.27960595136"|"3605.1210216810778"|"3.35"|"9318.36041395432"|"3484.5809848897334"|"37.39"|"98401.91919199697"|"120.5400367913458"|"0.12"
73|"Czechia"|"CZE"|"CZ"|"203"|NULL|"78845.1266387981"|"78845.12543209997"|"17268.63014192151"|"21.90"|"78845.12543210007"|"17268.630141921512"|"21.90"|NULL|NULL|NULL
74|"Germany"|"DEU"|"DE"|"276"|NULL|"413793.556415757"|"413771.2429988873"|"158924.96042277463"|"38.41"|"357483.28602297767"|"133484.48725802978"|"37.34"|"56287.95697590707"|"25440.473164744355"|"45.20"
75|"Djibouti"|"DJI"|"DJ"|"262"|NULL|"28892.840052017"|"28893.36754471954"|"301.65651525001914"|"1.04"|"21711.557894590922"|"290.03886704210146"|"1.34"|"7181.809650128612"|"11.6176482079177"|"0.16"
76|"Djibouti|Eritrea"|"DJI|ERI"|"DJ|ER"|"262|232"|"Disputed"|"245.02455694773"|"245.0322999988732"|NULL|NULL|"0.615581544810244"|NULL|NULL|"244.416718454063"|NULL|NULL
77|"Dominica"|"DMA"|"DM"|"212"|NULL|"29307.4496577273"|"29337.902211479857"|"196.50852146619764"|"0.67"|"761.7774815730581"|"167.31035240999293"|"21.96"|"28576.124729906798"|"29.198169056204677"|"0.10"
78|"Denmark"|"DNK"|"DK"|"208"|NULL|"148538.854248126"|"148422.24948069648"|"25929.075087036523"|"17.47"|"45071.90950830285"|"7824.039041604803"|"17.36"|"103350.33997239354"|"18105.036045431647"|"17.52"
79|"Dominican Republic"|"DOM"|"DO"|"214"|NULL|"392296.644091729"|"392320.14115402685"|"61045.62220530647"|"15.56"|"48275.011819893414"|"12645.654436761766"|"26.20"|"344045.1293341335"|"48399.96776854467"|"14.07"
80|"Dominican Republic|Puerto Rico"|"DOM|PRI"|"DO|PR"|"214|630"|"Disputed"|"18293.5379875276"|"18297.01344623853"|NULL|NULL|NULL|NULL|NULL|"18297.013446238525"|NULL|NULL
81|"Algeria"|"DZA"|"DZ"|"12"|NULL|"2439860.12942015"|"2439954.151254817"|"174506.8685134012"|"7.15"|"2308858.4307582197"|"174397.42157668245"|"7.55"|"131095.72049660032"|"109.44693671856473"|"0.08"
82|"Ecuador"|"ECU"|"EC"|"218"|NULL|"1307882.16203498"|"1307821.9675261113"|"198961.86213372494"|"15.21"|"256240.96613115942"|"55735.06113927493"|"21.75"|"1051581.0013949524"|"143226.80099445034"|"13.62"
83|"Ecuador|Colombia"|"ECU|COL"|"EC|CO"|"218|170"|"Joint regime"|"18662.9761991321"|"18640.065300842303"|"352.94249881039127"|"1.89"|NULL|NULL|NULL|"18640.065300842303"|"352.94249881039127"|"1.89"
84|"Egypt"|"EGY"|"EG"|"818"|NULL|"1223792.9045519"|"1225228.7754686614"|"118169.01527115628"|"9.64"|"980926.5686367268"|"110192.82637344433"|"11.23"|"244302.20683193486"|"7976.188897711903"|"3.26"
85|"Egypt|Sudan"|"EGY|SDN"|"EG|SD"|"818|729"|"Disputed"|"19678.046481577"|"19798.01387522064"|"17699.27245232602"|"89.40"|"19785.758296017535"|"17687.01775055509"|"89.39"|"12.255579203110916"|"12.254701770933655"|"99.99"
86|"Eritrea"|"ERI"|"ER"|"232"|NULL|"199103.551411325"|"199104.5511102589"|"5924.978053520921"|"2.98"|"121029.25210168122"|"5924.97805352092"|"4.90"|"78075.29900857765"|NULL|NULL
87|"Western Sahara"|"ESH"|"EH"|"732"|NULL|"268616.24245581"|"268606.24697569717"|"15072.838068873029"|"5.61"|"268535.15292687295"|"15064.301740893747"|"5.61"|"71.0940488243248"|"8.536327979280331"|"12.01"
88|"Western Sahara|Morocco"|"ESH|MAR"|"EH|MA"|"732|504"|"Disputed"|"284083.884588548"|"284094.14783644665"|"3805.30831830041"|"1.34"|"678.1971110102255"|"122.33034759308563"|"18.04"|"283415.9507254363"|"3682.977970707324"|"1.30"
89|"Spain"|"ESP"|"ES"|"724"|NULL|"1512324.0817734"|"1512265.9977059416"|"270276.9764775689"|"17.87"|"506292.16659282777"|"142383.62115337318"|"28.12"|"1005973.831113116"|"127893.35532419573"|"12.71"
90|"Spain|France"|"ESP|FRA"|"ES|FR"|"724|250"|"Joint regime"|"2859.4922037641"|"2859.48985280273"|NULL|NULL|NULL|NULL|NULL|"2859.48985280273"|NULL|NULL
91|"Spain|Morocco"|"ESP|MAR"|"ES|MA"|"724|504"|"Disputed"|"102.200655566175"|"102.22667518868087"|"10.54794414275643"|"10.32"|"4.405801572803623"|"1.0827193515092417"|"24.57"|"97.82087361587725"|"9.465224791247188"|"9.68"
92|"Estonia"|"EST"|"EE"|"233"|NULL|"81910.0322637463"|"81917.11819913013"|"15729.545149392825"|"19.20"|"45532.746945269064"|"8936.30257241169"|"19.63"|"36384.37125386072"|"6793.242576981134"|"18.67"
93|"Ethiopia"|"ETH"|"ET"|"231"|NULL|"1129147.18862599"|"1129309.8045945459"|"198532.7067890744"|"17.58"|"1129309.8045945447"|"198532.70678907435"|"17.58"|NULL|NULL|NULL
94|"Finland"|"FIN"|"FI"|"246"|NULL|"420188.750466752"|"419800.85608669143"|"54722.29102333127"|"13.04"|"339158.570249109"|"44954.95477332935"|"13.25"|"80642.28583758102"|"9767.336250002112"|"12.11"
95|"Fiji"|"FJI"|"FJ"|"242"|NULL|"1303006.56803429"|"1302459.395387935"|"12987.087439675524"|"1.00"|"19049.714473316617"|"1030.4573885275843"|"5.41"|"1283409.6809146164"|"11956.630051147953"|"0.93"
96|"Falkland Islands (Malvinas)"|"FLK"|"FK"|"238"|NULL|"12084.0536853456"|"12083.921252045753"|"61.20478898932951"|"0.51"|"11852.606243194881"|"54.4361870446453"|"0.46"|"231.31500885087223"|"6.768601944684221"|"2.93"
97|"France"|"FRA"|"FR"|"250"|NULL|"1328110.31128761"|"1327701.494039879"|"311323.6845862496"|"23.45"|"548909.049034878"|"144427.84980611343"|"26.31"|"778792.4450050007"|"166895.8347801348"|"21.43"
98|"France|Madagascar"|"FRA|MDG"|"FR|MG"|"250|450"|"Disputed"|"43565.1165534877"|"43585.028266683265"|"43438.74083586371"|"99.66"|"3.95212564829562"|"3.95212564829562"|"100.00"|"43581.076141034966"|"43434.78871021541"|"99.66"
99|"Faroe Islands"|"FRO"|"FO"|"234"|NULL|"264867.585984931"|"265148.6686488563"|"68.72767767081712"|"0.03"|"1456.0719819431836"|"33.93845014775482"|"2.33"|"263692.59666691284"|"34.78922752306229"|"0.01"
100|"Faroe Islands|United Kingdom of Great Britain and Northern Ireland"|"FRO|GBR"|"FO|GB"|"234|826"|"Joint regime"|"8013.46315778821"|"7937.255484733216"|"1227.9220047412364"|"15.47"|NULL|NULL|NULL|"7937.255484733216"|"1227.9220047412362"|"15.47"
101|"Faroe Islands|Iceland"|"FRO|ISL"|"FO|IS"|"234|352"|"Joint regime"|"616.849958293457"|"587.1532987651536"|NULL|NULL|NULL|NULL|NULL|"587.1532987651536"|NULL|NULL
102|"Micronesia (Federated States of)"|"FSM"|"FM"|"583"|NULL|"3013625.50976208"|"3013605.8658654895"|"1613.7201265937247"|"0.05"|"812.1615355656329"|"0.404205866724346"|"0.05"|"3012793.704329924"|"1613.3159207269998"|"0.05"
103|"Gabon"|"GAB"|"GA"|"266"|NULL|"464906.712840789"|"464876.9009525217"|"113721.9751157277"|"24.46"|"264543.8261302853"|"61299.143350447695"|"23.17"|"200333.07482223678"|"52422.83176528014"|"26.17"
104|"United Kingdom of Great Britain and Northern Ireland"|"GBR"|"GB"|"826"|NULL|"970110.690760748"|"970262.5260714497"|"264375.8296165248"|"27.25"|"245825.76823462165"|"70530.13072405975"|"28.69"|"724436.7578368271"|"193845.69889246605"|"26.76"
105|"Georgia"|"GEO"|"GE"|"268"|NULL|"92642.0255916108"|"92645.04148185563"|"6646.967256712912"|"7.17"|"69777.26582160706"|"6494.09779123779"|"9.31"|"22867.77566024859"|"152.8694654751164"|"0.67"
106|"Guernsey"|"GGY"|"GG"|"831"|NULL|"6618.66610841859"|"6614.873385446085"|"1205.6124954758336"|"18.23"|"85.56200347461251"|"3.4174866312425447"|"3.99"|"6529.3113819714745"|"1202.195008844591"|"18.41"
107|"Ghana"|"GHA"|"GH"|"288"|NULL|"465737.179232326"|"465694.6006869691"|"36094.18900549319"|"7.75"|"238976.72668524928"|"35876.32806208672"|"15.01"|"226717.8740017198"|"217.8609434064218"|"0.10"
108|"Gibraltar"|"GIB"|"GI"|"292"|NULL|"5.71243926627445"|"5.708706583811579"|"2.268089301353981"|"39.73"|"5.324145526451038"|"2.056128593829509"|"38.62"|"0.3845610573605425"|"0.21196070752447257"|"55.12"
109|"Gibraltar|Spain"|"GIB|ESP"|"GI|ES"|"292|724"|"Disputed"|"390.070815004911"|"390.093271400115"|"171.33401440754432"|"43.92"|"1.6192715639761297"|"0.3853963369152806"|"23.80"|"388.473999836139"|"170.94861807062904"|"44.01"
110|"Guinea"|"GIN"|"GN"|"324"|NULL|"346600.230217307"|"346527.59632161463"|"85723.28814405338"|"24.74"|"244554.00445367405"|"85153.6833993621"|"34.82"|"101973.59186794053"|"569.6047446913459"|"0.56"
111|"Guadeloupe"|"GLP"|"GP"|"312"|NULL|"92356.1863842278"|"92497.40303611226"|"91584.64335166325"|"99.01"|"1669.0371272458765"|"1220.2391920430375"|"73.11"|"90828.3659088665"|"90364.40415962029"|"99.49"
112|"Gambia"|"GMB"|"GM"|"270"|NULL|"33495.4572298019"|"33475.6417862083"|"485.2079790273264"|"1.45"|"10612.952505760026"|"458.0371020014971"|"4.32"|"22862.689280448267"|"27.170877025829352"|"0.12"
113|"Guinea-Bissau"|"GNB"|"GW"|"624"|NULL|"111093.668815867"|"111129.39245704802"|"16235.429206180752"|"14.61"|"33934.41668412022"|"5670.060879602692"|"16.71"|"77194.97577292778"|"10565.368326578051"|"13.69"
114|"Equatorial Guinea"|"GNQ"|"GQ"|"226"|NULL|"331036.110871126"|"331034.5860125922"|"5965.094654601624"|"1.80"|"27004.324265707004"|"5197.225221691372"|"19.25"|"304030.2617468854"|"767.8694329102477"|"0.25"
115|"Greece"|"GRC"|"GR"|"300"|NULL|"615546.064786583"|"615524.5755386715"|"69233.18704593327"|"11.25"|"133173.97342858074"|"46931.046532477856"|"35.24"|"482350.6021100909"|"22302.14051345533"|"4.62"
116|"Grenada"|"GRD"|"GD"|"308"|NULL|"25893.5255856599"|"25898.175078133365"|"57.64422915537159"|"0.22"|"341.0881376915852"|"35.47016169171455"|"10.40"|"25557.086940441775"|"22.174067463657032"|"0.09"
117|"Greenland"|"GRL"|"GL"|"304"|NULL|"4437502.2103528"|"4438984.207801312"|"1004001.6387594827"|"22.62"|"2165769.3789670053"|"901159.3734849716"|"41.61"|"2273214.8288343013"|"102842.265274509"|"4.52"
118|"Guatemala"|"GTM"|"GT"|"320"|NULL|"218996.405158761"|"218954.61497410448"|"22852.455944215242"|"10.44"|"109083.5635080743"|"21841.76434842873"|"20.02"|"109871.05146603014"|"1010.691595786494"|"0.92"
119|"French Guiana"|"GUF"|"GF"|"254"|NULL|"214609.932411099"|"214668.99155057315"|"44338.102401634584"|"20.65"|"82526.74510663994"|"42987.15086167496"|"52.09"|"132142.24644393328"|"1350.951539959624"|"1.02"
120|"Guam"|"GUM"|"GU"|"316"|NULL|"208785.83718354"|"208764.56914828497"|"49620.054151964105"|"23.77"|"557.8100009783598"|"125.32527285467009"|"22.47"|"208206.7591473066"|"49494.72887910941"|"23.77"
121|"Guyana"|"GUY"|"GY"|"328"|NULL|"346139.564626652"|"346134.83867854194"|"18100.478556358416"|"5.23"|"211346.24230922127"|"18074.9213140816"|"8.55"|"134788.59636932047"|"25.557242276812598"|"0.02"
122|"Guyana|Barbados"|"GUY|BRB"|"GY|BB"|"328|52"|"Joint regime"|"67.1567419311886"|"67.1654639014453"|NULL|NULL|NULL|NULL|NULL|"67.1654639014453"|NULL|NULL
123|"Hong Kong"|"HKG"|"HK"|"344"|NULL|"1080.58335814069"|"1080.5958901077183"|"435.70481262909937"|"40.32"|"950.1109669127994"|"417.8648970093833"|"43.98"|"130.48492319491928"|"17.839915619716102"|"13.67"
124|"Heard Island and McDonald Islands"|"HMD"|"HM"|"334"|NULL|"417389.304127632"|"417707.2301148917"|"71174.29271442411"|"17.04"|"391.9002254737909"|"391.9002254737909"|"100.00"|"417315.3298894178"|"70782.39248895034"|"16.96"
125|"Honduras"|"HND"|"HN"|"340"|NULL|"320519.112079908"|"320496.7377081198"|"36496.03320439207"|"11.39"|"112349.84571639613"|"26478.683407522716"|"23.57"|"208146.89199172353"|"10017.349796869352"|"4.81"
126|"Honduras|Cayman Islands"|"HND|CYM"|"HN|KY"|"340|136"|"Joint regime"|"2075.28102383463"|"2075.644254410575"|NULL|NULL|NULL|NULL|NULL|"2075.6442544105753"|NULL|NULL
127|"Croatia"|"HRV"|"HR"|"191"|NULL|"112163.817287169"|"112168.59462008225"|"26381.545632339737"|"23.52"|"56926.388913158116"|"21606.69552535233"|"37.96"|"55242.20570692412"|"4774.850106987435"|"8.64"
128|"Haiti"|"HTI"|"HT"|"332"|NULL|"130548.843618823"|"130557.49265394316"|"3719.785049198391"|"2.85"|"27223.38027623807"|"1956.6397233750129"|"7.19"|"103334.11237770508"|"1763.145325823378"|"1.71"
129|"Hungary"|"HUN"|"HU"|"348"|NULL|"93118.6563799759"|"93118.24051468584"|"21050.42616403558"|"22.61"|"93118.24051468584"|"21050.426164035533"|"22.61"|NULL|NULL|NULL
130|"Indonesia"|"IDN"|"ID"|"360"|NULL|"7913476.62043537"|"7913202.547739641"|"411743.7413940642"|"5.20"|"1894373.5890804175"|"230689.3265515221"|"12.18"|"6018828.958659233"|"181054.41484254255"|"3.01"
131|"Isle of Man"|"IMN"|"IM"|"833"|NULL|"572.738661147369"|"572.7569936793784"|"22.231893419697823"|"3.88"|"567.6828585075688"|"20.511930279058745"|"3.61"|"5.074135171809774"|"1.7199631406390736"|"33.90"
132|"India"|"IND"|"IN"|"356"|NULL|"5299365.95042198"|"5299259.559108405"|"163552.27493619642"|"3.09"|"2978647.3901037853"|"159679.52730040826"|"5.36"|"2320612.1690046275"|"3872.7476357880573"|"0.17"
133|"India|Pakistan"|"IND|PAK"|"IN|PK"|"356|586"|"Disputed"|"186035.17227203"|"186035.1874466283"|"29283.94428817703"|"15.74"|"186035.1874466283"|"29283.944288177023"|"15.74"|NULL|NULL|NULL
134|"British Indian Ocean Territory"|"IOT"|"IO"|"86"|NULL|"49.4789254852591"|"49.467853157281624"|"49.467853157281624"|"100.00"|"26.462826011487103"|"26.462826011487103"|"100.00"|"23.005027145794532"|"23.005027145794532"|"100.00"
135|"British Indian Ocean Territory|Mauritius"|"IOT|MUS"|"IO|MU"|"86|480"|"Disputed"|"638107.108219442"|"638113.143151632"|"638109.5349448568"|"100.00"|"41.971994936114754"|"41.971994936114754"|"100.00"|"638071.1711566962"|"638067.5629499208"|"100.00"
136|"Ireland"|"IRL"|"IE"|"372"|NULL|"497246.369140497"|"497199.65126718866"|"20063.11858414481"|"4.04"|"70200.5583747373"|"10116.194297970747"|"14.41"|"426999.09289245115"|"9946.924286174131"|"2.33"
137|"Iran (Islamic Republic of)"|"IRN"|"IR"|"364"|NULL|"1835395.29104534"|"1835387.2111784308"|"140878.13291743927"|"7.68"|"1677709.9504990075"|"139434.62182843848"|"8.31"|"157677.26067942413"|"1443.5110890006977"|"0.92"
138|"Iran (Islamic Republic of)|United Arab Emirates"|"IRN|ARE"|"IR|AE"|"364|784"|"Disputed"|"6174.17520053648"|"6174.34290691838"|NULL|NULL|"7.629550400063129"|NULL|NULL|"6166.713356518317"|NULL|NULL
139|"Iraq"|"IRQ"|"IQ"|"368"|NULL|"437132.341259"|"437049.1100574571"|"6695.192503885824"|"1.53"|"435873.09710605757"|"6695.190853449049"|"1.54"|"1176.012951399524"|"0.00165043677455187"|"0.00"
140|"Iceland"|"ISL"|"IS"|"352"|NULL|"852882.127577037"|"852742.0588201393"|"22912.36408263717"|"2.69"|"102741.69895991993"|"20035.636893350522"|"19.50"|"750000.3598602195"|"2876.7271892866515"|"0.38"
141|"Iceland|Svalbard and Jan Mayen"|"ISL|SJM"|"IS|SJ"|"352|744"|"Joint regime"|"45527.7746769384"|"45500.946386810116"|NULL|NULL|NULL|NULL|NULL|"45500.94638681012"|NULL|NULL
142|"Israel"|"ISR"|"IL"|"376"|NULL|"44302.2332417618"|"44299.75106628404"|"4979.185635379387"|"11.24"|"20778.869637089647"|"4963.214646027769"|"23.89"|"23520.88142919436"|"15.970989351620128"|"0.07"
143|"Italy"|"ITA"|"IT"|"380"|NULL|"837816.955730183"|"837841.0232425688"|"112475.21206736303"|"13.42"|"301556.31161398924"|"64781.490015342715"|"21.48"|"536284.7116285808"|"47693.722052020144"|"8.89"
144|"Italy|France"|"ITA|FRA"|"IT|FR"|"380|250"|"Joint regime"|"67.0413014911118"|"67.03594511358024"|"67.03594511358024"|"100.00"|NULL|NULL|NULL|"67.03594511358024"|"67.03594511358024"|"100.00"
145|"Jamaica"|"JAM"|"JM"|"388"|NULL|"267913.241089636"|"268049.8803007433"|"3600.7869302139143"|"1.34"|"10999.226227352498"|"1751.0906049352664"|"15.92"|"257050.65407339096"|"1849.6963252786486"|"0.72"
146|"Jersey"|"JEY"|"JE"|"832"|NULL|"2401.71690465395"|"2401.7595696436965"|"208.39259781115848"|"8.68"|"125.32012355551075"|"22.183204576788157"|"17.70"|"2276.4394460881867"|"186.20939323437034"|"8.18"
147|"Jordan"|"JOR"|"JO"|"400"|NULL|"89247.7436242484"|"89159.9958280269"|"2796.541772363639"|"3.14"|"89066.4534029231"|"2767.2684457826767"|"3.11"|"93.54242510371691"|"29.273326580963"|"31.29"
148|"Japan"|"JPN"|"JP"|"392"|NULL|"4415318.41614752"|"4415243.175939154"|"416248.8213838245"|"9.43"|"373422.2582087886"|"108591.194530287"|"29.08"|"4041820.9177303733"|"307657.6268535365"|"7.61"
149|"Japan|Korea (Republic of)"|"JPN|KOR"|"JP|KR"|"392|410"|NULL|"143232.140334175"|"143268.2002307005"|"9667.83982742608"|"6.75"|"0.156508423871844"|NULL|NULL|"143268.04372227663"|"9667.839827426082"|"6.75"
151|"Japan|Russian Federation"|"JPN|RUS"|"JP|RU"|"392|643"|"Disputed"|"218753.143660266"|"218500.69499519712"|"3045.472620754007"|"1.39"|"5112.331684307215"|"1998.9422263815031"|"39.10"|"213388.36331088992"|"1046.530394372504"|"0.49"
152|"Japan|Taiwan, Province of China"|"JPN|TWN"|"JP|TW"|"392|158"|"Disputed"|"73794.016305467"|"73782.57489630839"|NULL|NULL|"7.263923089500894"|NULL|NULL|"73775.31097321886"|NULL|NULL
153|"Kazakhstan"|"KAZ"|"KZ"|"398"|NULL|"2840827.46240736"|"2841183.8840263663"|"92020.04476637709"|"3.24"|"2841183.884026369"|"92020.0447663772"|"3.24"|NULL|NULL|NULL
154|"Kenya"|"KEN"|"KE"|"404"|NULL|"696763.900957859"|"696692.1120044063"|"73786.03139680621"|"10.59"|"582677.18501712"|"72289.23972038907"|"12.41"|"114014.92698728637"|"1496.7916764171077"|"1.31"
155|"Kenya|Sudan"|"KEN|SDN"|"KE|SD"|"404|729"|"Disputed"|"3176.53416534755"|"3178.006080848916"|NULL|NULL|"3178.006080848916"|NULL|NULL|NULL|NULL|NULL
156|"Kenya|Somalia"|"KEN|SOM"|"KE|SO"|"404|706"|"Disputed"|"50185.073436655"|"50223.69787781174"|NULL|NULL|"0.1680416706229222"|NULL|NULL|"50223.52983614111"|NULL|NULL
157|"Kyrgyzstan"|"KGZ"|"KG"|"417"|NULL|"199188.246858505"|"199188.2178904076"|"13980.716076363891"|"7.02"|"199188.21789040754"|"13980.716076363891"|"7.02"|NULL|NULL|NULL
158|"Cambodia"|"KHM"|"KH"|"116"|NULL|"230013.111472874"|"230011.8264935647"|"47139.54747772335"|"20.49"|"181357.6972561927"|"47051.17780148074"|"25.94"|"48654.12923737206"|"88.36967624264945"|"0.18"
159|"Kiribati"|"KIR"|"KI"|"296"|NULL|"3441208.21595847"|"3440923.2908079065"|"409195.15739964"|"11.89"|"1025.9027524180333"|"228.631906579004"|"22.29"|"3439897.388055481"|"408966.52549306094"|"11.89"
160|"Saint Kitts and Nevis"|"KNA"|"KN"|"659"|NULL|"9769.28350565693"|"9769.159347911671"|"473.42828015752013"|"4.85"|"269.3179196531508"|"61.64652099714988"|"22.89"|"9499.841428258518"|"411.78175916037026"|"4.33"
161|"Korea (Republic of)"|"KOR"|"KR"|"410"|NULL|"410458.81249279"|"410544.3893922388"|"33921.16059107544"|"8.26"|"99481.8566557835"|"16245.789480537564"|"16.33"|"311062.5327364555"|"17675.37111053801"|"5.68"
162|"Kuwait"|"KWT"|"KW"|"414"|NULL|"28657.499636065"|"28668.041359388"|"3130.587800659377"|"10.92"|"17410.566460291477"|"2969.0288279058636"|"17.05"|"11257.474899096533"|"161.55897275351307"|"1.44"
163|"Lao People's Democratic Republic"|"LAO"|"LA"|"418"|NULL|"230380.383178493"|"230379.7243505419"|"38210.702078646376"|"16.59"|"230379.724350542"|"38210.70207864636"|"16.59"|NULL|NULL|NULL
164|"Lebanon"|"LBN"|"LB"|"422"|NULL|"30412.0431021846"|"30413.61025286083"|"308.0855766709015"|"1.01"|"10227.717785560344"|"267.36661817827616"|"2.61"|"20185.89246730049"|"40.71895849262543"|"0.20"
165|"Liberia"|"LBR"|"LR"|"430"|NULL|"347673.32016453"|"347670.1392793931"|"4143.9074490900575"|"1.19"|"96047.16088423961"|"3891.413533764109"|"4.05"|"251622.97839515356"|"252.49391532594882"|"0.10"
166|"Libya"|"LBY"|"LY"|"434"|NULL|"1981113.96146252"|"1985641.4531511823"|"6261.961979022738"|"0.32"|"1621262.9972359997"|"4001.8003505575853"|"0.25"|"364378.4559151834"|"2260.1616284651523"|"0.62"
167|"Saint Lucia"|"LCA"|"LC"|"662"|NULL|"16027.2746738338"|"16027.05197009537"|"149.7405014906508"|"0.93"|"618.6543594521542"|"115.9418275699773"|"18.74"|"15408.397610643213"|"33.798673920673515"|"0.22"
168|"Liechtenstein"|"LIE"|"LI"|"438"|NULL|"150.947599327927"|"150.97814515401308"|"66.38156471007412"|"43.97"|"150.97814515401313"|"66.38156471007412"|"43.97"|NULL|NULL|NULL
169|"Sri Lanka"|"LKA"|"LK"|"144"|NULL|"599360.11711015"|"599345.4167829414"|"20159.281570065552"|"3.36"|"66200.22488193326"|"19763.83079208423"|"29.85"|"533145.1919010086"|"395.45077798130825"|"0.07"
170|"Lesotho"|"LSO"|"LS"|"426"|NULL|"30453.4475323974"|"30453.43422761437"|"187.65643350164976"|"0.62"|"30453.43422761438"|"187.6564335016497"|"0.62"|NULL|NULL|NULL
171|"Lithuania"|"LTU"|"LT"|"440"|NULL|"71767.5348123892"|"71764.99955127359"|"12590.673733159945"|"17.54"|"64953.966750478336"|"11031.227302102958"|"16.98"|"6811.03280079517"|"1559.4464310569922"|"22.90"
172|"Luxembourg"|"LUX"|"LU"|"442"|NULL|"2620.69611456374"|"2620.674344875541"|"1348.4801709050953"|"51.46"|"2620.6743448755415"|"1348.4801709050964"|"51.46"|NULL|NULL|NULL
173|"Latvia"|"LVA"|"LV"|"428"|NULL|"92929.9427355605"|"92919.9062973961"|"16402.42163547316"|"17.65"|"64632.251642374096"|"11770.366640614215"|"18.21"|"28287.65465502198"|"4632.0549948589605"|"16.37"
174|"Macao"|"MAC"|"MO"|"446"|NULL|"16.8980202226603"|"16.894131295079934"|NULL|NULL|"12.321314046447842"|NULL|NULL|"4.57281724863209"|NULL|NULL
175|"Saint Martin (French part)"|"MAF"|"MF"|"663"|NULL|"1151.79541789405"|"1151.6495367177868"|"1077.087704224612"|"93.53"|"54.86620224399965"|"10.396904421985061"|"18.95"|"1096.7833344737865"|"1066.6907998026265"|"97.26"
176|"Morocco"|"MAR"|"MA"|"504"|NULL|"694477.855855818"|"694465.0637631841"|"123939.51252130484"|"17.85"|"414447.2547499139"|"123227.36405684076"|"29.73"|"280017.80901326955"|"712.1484644641032"|"0.25"
177|"Monaco"|"MCO"|"MC"|"492"|NULL|"299.516911029565"|"299.4861925558314"|"291.2014406704925"|"97.23"|"10.557603077844641"|"3.0139002805781914"|"28.55"|"288.92858947798663"|"288.18754038991426"|"99.74"
178|"Moldova (Republic of)"|"MDA"|"MD"|"498"|NULL|"33798.2936163191"|"33798.284583707515"|"1230.3849216379908"|"3.64"|"33798.28458370751"|"1230.3849216379913"|"3.64"|NULL|NULL|NULL
179|"Madagascar"|"MDG"|"MG"|"450"|NULL|"1786698.54277078"|"1786686.431722233"|"42184.68042856168"|"2.36"|"591624.7005503094"|"33063.69579245452"|"5.59"|"1195061.7311719232"|"9120.984636107158"|"0.76"
180|"Maldives"|"MDV"|"MV"|"462"|NULL|"925552.663529091"|"925520.3979481992"|"582.9907161966406"|"0.06"|"302.41457400689296"|"6.040184571633522"|"2.00"|"925217.9833741919"|"576.9505316250073"|"0.06"
181|"Mexico"|"MEX"|"MX"|"484"|NULL|"5138690.54357046"|"5138291.78401237"|"985858.43984797"|"19.19"|"1956862.4484081334"|"283378.81195757247"|"14.48"|"3181429.3356042393"|"702479.6278903988"|"22.08"
182|"Marshall Islands"|"MHL"|"MH"|"584"|NULL|"2004278.78231111"|"2004129.2138315518"|"6226.751760381871"|"0.31"|"278.6755630417819"|"33.254496551945486"|"11.93"|"2003850.5382685093"|"6193.497263829924"|"0.31"
183|"North Macedonia"|"MKD"|"MK"|"807"|NULL|"25423.8799050414"|"25423.864238517664"|"2686.561939723703"|"10.57"|"25423.864238517664"|"2686.5619397237047"|"10.57"|NULL|NULL|NULL
184|"Mali"|"MLI"|"ML"|"466"|NULL|"1251469.799196"|"1251409.2786123292"|"103679.71796662963"|"8.29"|"1251409.2786123296"|"103679.71796662963"|"8.29"|NULL|NULL|NULL
185|"Malta"|"MLT"|"MT"|"470"|NULL|"53248.0488649763"|"53240.335946884356"|"4236.371444283883"|"7.96"|"324.3143849422259"|"97.9141904257519"|"30.19"|"52916.02156194213"|"4138.457253858128"|"7.82"
186|"Myanmar"|"MMR"|"MM"|"104"|NULL|"1165258.58600149"|"1165244.5102989115"|"44942.879050383366"|"3.86"|"669178.7076937731"|"42497.46041501675"|"6.35"|"496065.8026051395"|"2445.41863536661"|"0.49"
187|"Montenegro"|"MNE"|"ME"|"499"|NULL|"20175.9877514013"|"20175.494368955242"|"1280.4725061796494"|"6.35"|"13799.420575849934"|"1276.94045450732"|"9.25"|"6376.073793105306"|"3.5320516723294553"|"0.06"
188|"Mongolia"|"MNG"|"MN"|"496"|NULL|"1564496.21746043"|"1564556.6957894906"|"276358.461277301"|"17.66"|"1564556.695789491"|"276358.4612773011"|"17.66"|NULL|NULL|NULL
189|"Northern Mariana Islands"|"MNP"|"MP"|"580"|NULL|"764112.822035441"|"764057.6767061895"|"206355.71656028088"|"27.01"|"498.39562231717537"|"38.23642613270802"|"7.67"|"763559.281083872"|"206317.4801341482"|"27.02"
190|"Mozambique"|"MOZ"|"MZ"|"508"|NULL|"1352341.55576641"|"1352298.8484989235"|"180845.96365016795"|"13.37"|"786697.1227982284"|"168073.67180974313"|"21.36"|"565601.725700696"|"12772.29184042475"|"2.26"
191|"Mauritania"|"MRT"|"MR"|"478"|NULL|"1211979.51127201"|"1212053.5069588572"|"12901.38342494717"|"1.06"|"1038910.0809293739"|"6444.1447053483025"|"0.62"|"173143.42602948376"|"6457.238719598866"|"3.73"
192|"Montserrat"|"MSR"|"MS"|"500"|NULL|"7288.84328631143"|"7290.146936735173"|"11.124825267630118"|"0.15"|"100.10902888612996"|"11.12208293584213"|"11.11"|"7190.037907849042"|"0.002742331787989355"|"0.00"
193|"Martinique"|"MTQ"|"MQ"|"474"|NULL|"48905.1614380091"|"48734.06694339488"|"48667.25627684143"|"99.86"|"1143.2166658747421"|"1143.2166658747412"|"100.00"|"47590.85027752017"|"47524.03961096674"|"99.86"
194|"Mauritius"|"MUS"|"MU"|"480"|NULL|"1280970.81949787"|"1280916.944538802"|"146.24942990248462"|"0.01"|"2029.8816274975616"|"96.91418058756935"|"4.77"|"1278887.0629113049"|"49.335249314915345"|"0.00"
195|"Malawi"|"MWI"|"MW"|"454"|NULL|"118715.381135853"|"118716.96650252372"|"26552.014676813797"|"22.37"|"118716.96650252366"|"26552.014676813797"|"22.37"|NULL|NULL|NULL
196|"Malaysia"|"MYS"|"MY"|"458"|NULL|"839427.875463954"|"839428.5649721345"|"64926.80157926473"|"7.73"|"329842.9186693946"|"60233.406316195644"|"18.26"|"509585.64630273945"|"4693.39526306914"|"0.92"
197|"Mayotte"|"MYT"|"YT"|"175"|NULL|"378.318863096292"|"378.3518457280538"|"40.14006113939674"|"10.61"|"363.73017618048544"|"26.31155193281159"|"7.23"|"14.62166954756844"|"13.828509206585144"|"94.58"
198|"Mayotte|Comoros"|"MYT|COM"|"YT|KM"|"175|174"|"Disputed"|"66779.5189551858"|"66788.7965367625"|"65785.98417446492"|"98.50"|"30.29498786738598"|"17.853376787472197"|"58.93"|"66758.5015488951"|"65768.13079767747"|"98.52"
199|"Namibia"|"NAM"|"NA"|"516"|NULL|"1385801.30590594"|"1386388.429268398"|"321409.5578077078"|"23.18"|"824149.8726588067"|"311728.6345637448"|"37.82"|"562238.5566095924"|"9680.923243962534"|"1.72"
200|"New Caledonia"|"NCL"|"NC"|"540"|NULL|"1198329.14643144"|"1198221.225627179"|"1140735.1813368332"|"95.20"|"18912.43607790117"|"11199.245503874481"|"59.22"|"1179308.7895492776"|"1129535.935832959"|"95.78"
201|"New Caledonia|Vanuatu"|"NCL|VUT"|"NC|VU"|"540|548"|"Disputed"|"187183.56244149"|"187729.28210620902"|"187604.73186468345"|"99.93"|"3.03329650519886"|"3.03329650519886"|"100.00"|"187726.24880970383"|"187601.69856817834"|"99.93"
202|"Niger"|"NER"|"NE"|"562"|NULL|"1182619.39649112"|"1182544.0442492822"|"208403.07603691675"|"17.62"|"1182544.0442492806"|"208403.07603691684"|"17.62"|NULL|NULL|NULL
203|"Norfolk Island"|"NFK"|"NF"|"574"|NULL|"430638.557089484"|"430781.16258887475"|"188369.4737110696"|"43.73"|"42.653257966958236"|"19.546577950306723"|"45.83"|"430738.5093309078"|"188349.9271331193"|"43.73"
204|"Nigeria"|"NGA"|"NG"|"566"|NULL|"1086645.39624919"|"1086630.8848835374"|"126362.85405244195"|"11.63"|"908998.6255440608"|"126330.74685874287"|"13.90"|"177632.25933947484"|"32.10719369901628"|"0.02"
205|"Nigeria|Sao Tome and Principe"|"NGA|STP"|"NG|ST"|"566|678"|"Joint regime"|"34533.7566910031"|"34535.917970412185"|NULL|NULL|NULL|NULL|NULL|"34535.917970412185"|NULL|NULL
206|"Nicaragua"|"NIC"|"NI"|"558"|NULL|"356172.558435112"|"356132.8508181927"|"83622.36033983622"|"23.48"|"128366.4526584184"|"47645.341373476476"|"37.12"|"227766.39815977428"|"35977.01896635977"|"15.80"
207|"Niue"|"NIU"|"NU"|"570"|NULL|"318403.181297401"|"318407.40224006947"|"58.921284034279964"|"0.02"|"266.28264513808267"|"54.38592568899978"|"20.42"|"318141.1195949313"|"4.535358345280195"|"0.00"
208|"Netherlands"|"NLD"|"NL"|"528"|NULL|"99637.9233690739"|"99598.31490146887"|"25263.15445701862"|"25.37"|"35257.62205204373"|"7929.34599048675"|"22.49"|"64340.69284942524"|"17333.808466531806"|"26.94"
209|"Norway"|"NOR"|"NO"|"578"|NULL|"1257679.64737746"|"1258981.6557391852"|"62868.389933175415"|"4.99"|"326695.3713393442"|"55177.77139853052"|"16.89"|"932286.284399841"|"7690.618534644799"|"0.82"
210|"Nepal"|"NPL"|"NP"|"524"|NULL|"147437.215231411"|"147436.8668633421"|"34527.92803233544"|"23.42"|"147436.86686334206"|"34527.928032335425"|"23.42"|NULL|NULL|NULL
211|"Nauru"|"NRU"|"NR"|"520"|NULL|"309281.557232829"|"309280.02781712136"|NULL|NULL|"22.6322092411558"|NULL|NULL|"309257.3956078801"|NULL|NULL
212|"New Zealand"|"NZL"|"NZ"|"554"|NULL|"4374213.75409786"|"4374197.998170757"|"1311024.21505398"|"29.97"|"269450.6452221831"|"88412.39470818732"|"32.81"|"4104747.3529485734"|"1222611.8203457969"|"29.79"
213|"Oman"|"OMN"|"OM"|"512"|NULL|"865037.907556445"|"865048.5638507936"|"8606.154073508118"|"0.99"|"308634.98863390204"|"7940.387252575043"|"2.57"|"556413.5752168914"|"665.766820933076"|"0.12"
214|"Pakistan"|"PAK"|"PK"|"586"|NULL|"1018784.34886068"|"1018769.2586169818"|"87556.3798064977"|"8.59"|"795151.2634974462"|"85825.10487310278"|"10.79"|"223617.99511953513"|"1731.2749333949216"|"0.77"
215|"Panama"|"PAN"|"PA"|"591"|NULL|"405948.985355988"|"406002.52200582594"|"20996.640174444485"|"5.17"|"75007.78897489044"|"15442.703017674927"|"20.59"|"330994.73303093563"|"5553.937156769553"|"1.68"
216|"Pitcairn"|"PCN"|"PN"|"612"|NULL|"842334.11731377"|"842372.2441127846"|"836122.2894927333"|"99.26"|"45.34442904708457"|"36.83040240333764"|"81.22"|"842326.8996837374"|"836085.4590903295"|"99.26"
217|"Peru"|"PER"|"PE"|"604"|NULL|"2138628.71772629"|"2138527.155719173"|"281332.0266440044"|"13.16"|"1290667.5641887481"|"277319.02172367886"|"21.49"|"847859.5915304247"|"4013.004920325658"|"0.47"
218|"Peru|Ecuador"|"PER|ECU"|"PE|EC"|"604|218"|"Joint regime"|"16097.2330050373"|"16122.585117987424"|"59.4418304389086"|"0.37"|NULL|NULL|NULL|"16122.58511798742"|"59.4418304389086"|"0.37"
219|"Philippines"|"PHL"|"PH"|"608"|NULL|"2266837.17405051"|"2266828.948724481"|"67460.43622351391"|"2.98"|"296959.6295904222"|"45645.888993010805"|"15.37"|"1969869.3191340596"|"21814.547230503176"|"1.11"
220|"Palau"|"PLW"|"PW"|"585"|NULL|"615368.342434064"|"615366.6264818857"|"602554.3205443823"|"97.92"|"497.8372852511406"|"219.89971608206565"|"44.17"|"614868.7891966341"|"602334.4208283001"|"97.96"
221|"Papua New Guinea"|"PNG"|"PG"|"598"|NULL|"2861511.55443676"|"2861635.614716054"|"20447.142431188397"|"0.71"|"463632.2301136179"|"17128.399292061426"|"3.69"|"2398003.3846024345"|"3318.743139126973"|"0.14"
222|"Poland"|"POL"|"PL"|"616"|NULL|"341693.566632164"|"341684.08464266366"|"131227.3393893561"|"38.41"|"311942.71592978045"|"123998.55596552916"|"39.75"|"29741.368712882515"|"7228.783423827426"|"24.31"
223|"Puerto Rico"|"PRI"|"PR"|"630"|NULL|"163634.280534703"|"163626.22663176304"|"3820.467214158703"|"2.33"|"8992.327670031238"|"653.6045812731203"|"7.27"|"154633.89896173176"|"3166.8626328855826"|"2.05"
224|"Korea (Democratic People's Republic of)"|"PRK"|"KP"|"408"|NULL|"236550.254910144"|"236567.63097548258"|"2848.202188753473"|"1.20"|"122306.9010021737"|"2822.386530002469"|"2.31"|"114260.72997330887"|"25.815658751005056"|"0.02"
225|"Portugal"|"PRT"|"PT"|"620"|NULL|"1820694.75845941"|"1820689.4860545106"|"93475.16136557276"|"5.13"|"92252.22588220668"|"21119.644105960284"|"22.89"|"1728437.2601723014"|"72355.51725961265"|"4.19"
226|"Paraguay"|"PRY"|"PY"|"600"|NULL|"399339.822261441"|"399371.0524157773"|"57277.630970253136"|"14.34"|"399371.05241577676"|"57277.63097025313"|"14.34"|NULL|NULL|NULL
227|"Palestine, State of"|"PSE"|"PS"|"275"|NULL|"6224.50354400934"|"6224.480693256652"|"531.4650808864473"|"8.54"|"6223.740570798474"|"531.4577731474408"|"8.54"|"0.7401224581762439"|"0.00730773900657892"|"0.99"
228|"Palestine, State of|Israel"|"PSE|ISR"|"PS|IL"|"275|376"|"Disputed"|"2329.33889971772"|"2328.9185401839686"|"0.0438460328834504"|"0.00"|"0.439990566451252"|NULL|NULL|"2328.4785496175173"|"0.0438460328834504"|"0.00"
229|"French Polynesia"|"PYF"|"PF"|"258"|NULL|"4774852.18134576"|"4775016.083259669"|"277.4215232682231"|"0.01"|"3728.3602285490824"|"74.84787573452745"|"2.01"|"4771287.723031116"|"202.5736475336957"|"0.00"
230|"Qatar"|"QAT"|"QA"|"634"|NULL|"42269.7004607255"|"42267.16095948077"|"1933.0251522814644"|"4.57"|"11546.092389478026"|"1504.2622059008784"|"13.03"|"30721.06857000274"|"428.7629463805863"|"1.40"
231|"Réunion"|"REU"|"RE"|"638"|NULL|"317662.522676309"|"317871.9758980212"|"1633.6120422133874"|"0.51"|"2523.68922231781"|"1592.945129379793"|"63.12"|"315348.2866757033"|"40.66691283359437"|"0.01"
232|"Réunion|Mauritius"|"REU|MUS"|"RE|MU"|"638|250"|"Disputed"|"274554.809990353"|"274448.8765349279"|NULL|NULL|"0.693125999671321"|NULL|NULL|"274448.18340892834"|NULL|NULL
233|"Romania"|"ROU"|"RO"|"642"|NULL|"267702.708402188"|"267696.87029944797"|"63960.93439743698"|"23.89"|"237439.28695256347"|"57098.99202673334"|"24.05"|"30257.583346884643"|"6861.942370703697"|"22.68"
234|"Russian Federation"|"RUS"|"RU"|"643"|NULL|"24605190.4984838"|"24604577.36643388"|"1873832.7901524897"|"7.62"|"16998657.252208374"|"1654637.8976598182"|"9.73"|"7605920.114225581"|"219194.89249267735"|"2.88"
235|"Rwanda"|"RWA"|"RW"|"646"|NULL|"25388.467208394"|"25388.45093520295"|"2283.9567352887902"|"9.00"|"25388.45093520295"|"2283.9567352887902"|"9.00"|NULL|NULL|NULL
236|"Saudi Arabia"|"SAU"|"SA"|"682"|NULL|"2149156.91980911"|"2149007.0064106476"|"97507.19442455118"|"4.54"|"1925618.4747731832"|"91736.36729228747"|"4.76"|"223388.53163746654"|"5770.827132263721"|"2.58"
237|"Sudan"|"SDN"|"SD"|"729"|NULL|"1907536.84019222"|"1905975.5649543975"|"48314.62922067003"|"2.53"|"1843273.060359186"|"37717.59117334733"|"2.05"|"62702.5045952105"|"10597.038047322681"|"16.90"
238|"Sudan|Egypt"|"SDN|EGY"|"SD|EG"|"729|818"|"Disputed"|"19751.3762147306"|"19750.624029820836"|"3564.7651409483037"|"18.05"|"127.08607871347654"|"115.356974098702"|"90.77"|"19623.53795110736"|"3449.4081668496015"|"17.58"
239|"Senegal"|"SEN"|"SN"|"686"|NULL|"320134.468707143"|"320060.9738241284"|"51680.35161561812"|"16.15"|"196774.4525193818"|"49936.25093145573"|"25.38"|"123286.52130474668"|"1744.10068416239"|"1.41"
240|"Senegal|Guinea-Bissau"|"SEN|GNB"|"SN|GW"|"686|624"|"Joint regime"|"63480.3149876951"|"63489.74567748077"|NULL|NULL|NULL|NULL|NULL|"63489.74567748078"|NULL|NULL
241|"Singapore"|"SGP"|"SG"|"702"|NULL|"1424.0388156248"|"1424.0535325162823"|"33.44826944016784"|"2.35"|"599.1892942362265"|"33.34666778230374"|"5.57"|"824.8642382800562"|"0.101601657864102"|"0.01"
242|"South Georgia and the South Sandwich Islands"|"SGS"|"GS"|"239"|NULL|"3870.34225792021"|"3870.3736731036543"|"313.78834517642565"|"8.11"|"3709.235892160105"|"265.05436174350416"|"7.15"|"161.13778094354973"|"48.73398343292146"|"30.24"
243|"Saint Helena, Ascension and Tristan da Cunha"|"SHN"|"SH"|"654"|NULL|"1712715.35083189"|"1712715.5699218942"|"450196.31374012906"|"26.29"|"432.6563014486679"|"110.08970913842454"|"25.45"|"1712282.9136204454"|"450086.2240309906"|"26.29"
244|"Svalbard and Jan Mayen"|"SJM"|"SJ"|"744"|NULL|"1118352.42551571"|"1117199.8800837456"|"123547.93885974643"|"11.06"|"62001.228352519036"|"40362.55642060223"|"65.10"|"1055198.651731229"|"83185.38243914428"|"7.88"
245|"Solomon Islands"|"SLB"|"SB"|"90"|NULL|"1633968.28447045"|"1633743.9045000046"|"2378.5248440028836"|"0.15"|"29005.407859331906"|"510.8262003911548"|"1.76"|"1604738.4966406734"|"1867.6986436117277"|"0.12"
246|"Sierra Leone"|"SLE"|"SL"|"694"|NULL|"232822.46585693"|"232815.57225809532"|"8752.738717864437"|"3.76"|"72345.22740781073"|"7901.183515944301"|"10.92"|"160470.3448502846"|"851.5552019201385"|"0.53"
247|"El Salvador"|"SLV"|"SV"|"222"|NULL|"115718.654722951"|"115719.4874476421"|"2449.6658610555446"|"2.12"|"20694.46646930977"|"1789.244847263496"|"8.65"|"95025.02097833234"|"660.4210137920477"|"0.69"
248|"San Marino"|"SMR"|"SM"|"674"|NULL|"60.0385541485198"|"60.0375728708234"|NULL|NULL|"60.0375728708234"|NULL|NULL|NULL|NULL|NULL
249|"Somalia"|"SOM"|"SO"|"706"|NULL|"1414675.24719315"|"1414461.1642884929"|"51.53928630757402"|"0.00"|"632995.9976731472"|"51.53928630757402"|"0.01"|"781465.1666153453"|NULL|NULL
250|"Saint Pierre and Miquelon"|"SPM"|"PM"|"666"|NULL|"12641.5801520768"|"12641.34380275033"|"14.203008057112534"|"0.11"|"237.08789142367087"|"7.182127410178093"|"3.03"|"12404.25591132666"|"7.020880646934442"|"0.06"
251|"Serbia"|"SRB"|"RS"|"688"|NULL|"88477.9663228236"|"88478.05679106303"|"6702.103524762448"|"7.57"|"88478.05679106295"|"6702.103524762448"|"7.57"|NULL|NULL|NULL
252|"South Sudan"|"SSD"|"SS"|"728"|NULL|"629820.854183516"|"629819.8365937233"|"102503.23287444894"|"16.28"|"629819.8365937225"|"102503.23287444896"|"16.28"|NULL|NULL|NULL
253|"South Sudan|Sudan"|"SSD|SDN"|"SS|SD"|"728|729"|"Disputed"|"9942.73498979652"|"9937.960251481169"|NULL|NULL|"9937.96025148117"|NULL|NULL|NULL|NULL|NULL
254|"Sao Tome and Principe"|"STP"|"ST"|"678"|NULL|"131845.991380233"|"131842.99371499702"|"322.5426253811569"|"0.24"|"982.7926388300972"|"287.5646787972635"|"29.26"|"130860.20107616692"|"34.9779465838934"|"0.03"
255|"Suriname"|"SUR"|"SR"|"740"|NULL|"278144.004990337"|"278153.1443297922"|"23461.69871209373"|"8.43"|"145275.04072553365"|"21486.763078729466"|"14.79"|"132878.1036042585"|"1974.9356333642606"|"1.49"
256|"Slovakia"|"SVK"|"SK"|"703"|NULL|"49071.9831597263"|"49072.08305260824"|"18437.123515643154"|"37.57"|"49072.083052608126"|"18437.12351564313"|"37.57"|NULL|NULL|NULL
257|"Slovenia"|"SVN"|"SI"|"705"|NULL|"20470.8982559701"|"20470.581368473628"|"11009.371797766195"|"53.78"|"20327.10573441718"|"10868.79347507914"|"53.47"|"143.47563405642893"|"140.57832268702933"|"97.98"
258|"Sweden"|"SWE"|"SE"|"752"|NULL|"605468.486733473"|"605906.2648447839"|"88669.8140412506"|"14.63"|"451242.9297830188"|"64791.24486984638"|"14.36"|"154663.33506176653"|"23878.569171404743"|"15.44"
259|"Sweden|Norway"|"SWE|NOR"|"SE|NO"|"752|578"|"Joint regime"|"140.208535555058"|"140.008973565914"|NULL|NULL|NULL|NULL|NULL|"140.008973565914"|NULL|NULL
260|"Eswatini"|"SWZ"|"SZ"|"748"|NULL|"17289.5303952292"|"17291.448900014682"|"724.6500658154395"|"4.19"|"17291.448900014686"|"724.6500658154395"|"4.19"|NULL|NULL|NULL
261|"Sint Maarten (Dutch part)"|"SXM"|"SX"|"534"|NULL|"507.857831869773"|"507.8431244805835"|"23.878321458432644"|"4.70"|"40.63905812128574"|"0.17812194684702687"|"0.44"|"467.2040663592977"|"23.70019951158562"|"5.07"
262|"Seychelles"|"SYC"|"SC"|"690"|NULL|"1342013.14811053"|"1341983.182825189"|"347763.7651442986"|"25.91"|"483.5040831215179"|"240.6022590835978"|"49.76"|"1341499.6787420688"|"347523.162885215"|"25.91"
263|"Syrian Arab Republic"|"SYR"|"SY"|"760"|NULL|"198310.942969614"|"198526.3510979777"|"1384.959456635197"|"0.70"|"188264.49252412558"|"1359.9741362052237"|"0.72"|"10261.858573852092"|"24.985320429973534"|"0.24"
264|"Turks and Caicos Islands"|"TCA"|"TC"|"796"|NULL|"92018.9347069168"|"92017.75323721349"|"598.6678081128587"|"0.65"|"1013.4046443086995"|"449.63982827829443"|"44.37"|"91004.3485929048"|"149.02797983456426"|"0.16"
265|"Chad"|"TCD"|"TD"|"148"|NULL|"1269431.04300208"|"1264842.4411088498"|"256677.00246374786"|"20.29"|"1264842.4411088498"|"256677.0024637479"|"20.29"|NULL|NULL|NULL
266|"Togo"|"TGO"|"TG"|"768"|NULL|"72216.2330001385"|"72211.1198926423"|"14247.072949660864"|"19.73"|"56791.7297724219"|"14219.562298458035"|"25.04"|"15419.390120220394"|"27.5106512028302"|"0.18"
267|"Thailand"|"THA"|"TH"|"764"|NULL|"812790.32899786"|"812788.7653325147"|"102502.72422995057"|"12.61"|"515295.51899430493"|"96781.75020150006"|"18.78"|"297493.24633820937"|"5720.974028450506"|"1.92"
268|"Tajikistan"|"TJK"|"TJ"|"762"|NULL|"142003.83245997"|"142003.81827294425"|"31099.117418329162"|"21.90"|"142003.81827294422"|"31099.11741832916"|"21.90"|NULL|NULL|NULL
269|"Tokelau"|"TKL"|"TK"|"772"|NULL|"320756.229797896"|"320815.21142390615"|"66.5262358495324"|"0.02"|"15.096528398353778"|"0.989758484867539"|"6.56"|"320800.11489550775"|"65.53647736466485"|"0.02"
270|"Turkmenistan"|"TKM"|"TM"|"795"|NULL|"555051.503000999"|"555052.480610325"|"17657.45863559402"|"3.18"|"555052.480610325"|"17657.458635594012"|"3.18"|NULL|NULL|NULL
271|"Timor-Leste"|"TLS"|"TL"|"626"|NULL|"53875.0535964697"|"53873.15441189069"|"2964.524716851393"|"5.50"|"14913.430463741975"|"2385.1014795862334"|"15.99"|"38959.72394814869"|"579.423237265159"|"1.49"
272|"Tonga"|"TON"|"TO"|"776"|NULL|"666803.381433271"|"666827.9045798744"|"428.4940629706573"|"0.06"|"762.2562028202035"|"95.92839211469224"|"12.58"|"666065.6483770539"|"332.5656708559651"|"0.05"
273|"Trinidad and Tobago"|"TTO"|"TT"|"780"|NULL|"81717.0214579388"|"81730.50083779483"|"2071.4521143261645"|"2.53"|"5180.74911911692"|"1603.4458000787167"|"30.95"|"76549.75171867792"|"468.00631424744773"|"0.61"
274|"Trinidad and Tobago|Venezuela (Bolivarian Republic of)|Guyana"|"TTO|VEN|GUY"|"TT|VE|GY"|"780|862|328"|"Disputed"|"3614.32381403632"|"3593.00926834688"|NULL|NULL|NULL|NULL|NULL|"3593.00926834688"|NULL|NULL
275|"Tunisia"|"TUN"|"TN"|"788"|NULL|"254850.030096049"|"254934.19299781817"|"13294.917731872052"|"5.22"|"155307.89043859928"|"12255.998020596038"|"7.89"|"99626.30255921892"|"1038.9197112760223"|"1.04"
276|"Turkey"|"TUR"|"TR"|"792"|NULL|"1043147.9879295"|"1043048.8997612272"|"2119.2889990522062"|"0.20"|"781610.2501443163"|"1847.479881547301"|"0.24"|"261438.6496169107"|"271.8091175049048"|"0.10"
277|"Tuvalu"|"TUV"|"TV"|"798"|NULL|"753167.096167719"|"753165.1015020708"|"218.032256833961"|"0.03"|"41.47685247341683"|"5.554077501767356"|"13.39"|"753123.6246495971"|"212.47817933219366"|"0.03"
278|"Taiwan, Province of China"|"TWN"|"TW"|"158"|NULL|"391606.083795085"|"391643.2558328575"|"10901.486182719422"|"2.78"|"36079.05692472476"|"7079.037313827736"|"19.62"|"355564.1989081328"|"3822.4488688916904"|"1.08"
279|"Tanzania, United Republic of"|"TZA"|"TZ"|"834"|NULL|"1181992.99573399"|"1182066.2580697448"|"367247.6699123865"|"31.07"|"940381.4253198027"|"360632.93606494117"|"38.35"|"241684.83274994174"|"6614.733847444667"|"2.74"
280|"Uganda"|"UGA"|"UG"|"800"|NULL|"241496.171779053"|"241499.38656271988"|"38343.35765394949"|"15.88"|"241499.3865627204"|"38343.35765394947"|"15.88"|NULL|NULL|NULL
281|"Ukraine"|"UKR"|"UA"|"804"|NULL|"734915.443592572"|"734973.5440088385"|"28790.016040008442"|"3.92"|"599086.7462324516"|"24183.40588602653"|"4.04"|"135886.79777638544"|"4606.610153981999"|"3.39"
283|"United States Minor Outlying Islands"|"UMI"|"UM"|"581"|NULL|"1961183.17917918"|"1961362.8281061985"|"1269644.044439681"|"64.73"|"39.38443130272701"|"39.384431302727"|"100.00"|"1961323.443674895"|"1269604.6600083793"|"64.73"
284|"Uruguay"|"URY"|"UY"|"858"|NULL|"298785.564827859"|"299242.5391597541"|"7414.1492258431"|"2.48"|"177792.75528070002"|"6423.207411370376"|"3.61"|"121449.78387905429"|"990.9418144727231"|"0.82"
285|"United States of America"|"USA"|"US"|"840"|NULL|"18077808.8319139"|"18078146.273537047"|"2860628.889265179"|"15.82"|"9482496.595700582"|"1224157.2191277498"|"12.91"|"8595649.677836584"|"1636471.6701374392"|"19.04"
286|"United States of America|Haiti|Jamaica"|"USA|HTI|JAM"|"US|HT|JM"|"840|332|388"|"Disputed"|"13890.5956436375"|"13891.456876612532"|"1468.948320064981"|"10.57"|"1.65942872503712"|"1.65942872503712"|"100.00"|"13889.797447887493"|"1467.2888913399438"|"10.56"
287|"United States of America|Russian Federation"|"USA|RUS"|"US|RU"|"804|643"|"Joint regime"|"8521.20281907317"|"8477.801230252804"|NULL|NULL|NULL|NULL|NULL|"8477.801230252804"|NULL|NULL
288|"Uzbekistan"|"UZB"|"UZ"|"860"|NULL|"449895.056778762"|"449542.3454432198"|"14744.872392327065"|"3.28"|"449542.34544321994"|"14744.87239232707"|"3.28"|NULL|NULL|NULL
289|"Holy See"|"VAT"|"VA"|"336"|NULL|"0.497548654350296"|"0.499213891436368"|NULL|NULL|"0.499213891436368"|NULL|NULL|NULL|NULL|NULL
290|"Saint Vincent and the Grenadines"|"VCT"|"VC"|"670"|NULL|"36676.580953385"|"36675.923660601955"|"172.35412722356463"|"0.47"|"437.57459441812006"|"92.16200996011385"|"21.06"|"36238.34906618384"|"80.19211726345081"|"0.22"
291|"Venezuela (Bolivarian Republic of)"|"VEN"|"VE"|"862"|NULL|"1383676.72898278"|"1383710.0877064401"|"503447.35117172723"|"36.38"|"912872.6722610958"|"487568.2242269048"|"53.41"|"470837.41544534295"|"15879.12694482307"|"3.37"
292|"Venezuela (Bolivarian Republic of)|Aruba|Dominican Republic"|"VEN|ABW|DOM"|"VE|AW|DO"|"862|533|214"|"Disputed"|"1113.31726666064"|"1114.6761660857169"|NULL|NULL|NULL|NULL|NULL|"1114.6761660857169"|NULL|NULL
293|"Venezuela (Bolivarian Republic of)|Colombia|Dominican Republic"|"VEN|COL|DOM"|"VE|CO|DO"|"862|170|214"|"Disputed"|"870.823970082301"|"863.1409358812758"|NULL|NULL|NULL|NULL|NULL|"863.1409358812759"|NULL|NULL
294|"Virgin Islands (British)"|"VGB"|"VG"|"92"|NULL|"81711.3869100341"|"81738.82307741116"|"18.18144599957335"|"0.02"|"175.13801513747683"|"15.088540427948674"|"8.62"|"81563.6850622737"|"3.0929055716246694"|"0.00"
295|"Virgin Islands (U.S.)"|"VIR"|"VI"|"850"|NULL|"38637.1902078486"|"38650.370592808045"|"422.0534005598486"|"1.09"|"372.96071756775945"|"52.363032219491714"|"14.04"|"38277.40987524031"|"369.690368340357"|"0.97"
296|"Viet Nam"|"VNM"|"VN"|"704"|NULL|"1076860.64399685"|"1076902.7237101183"|"28584.846080444146"|"2.65"|"327537.9312242941"|"24975.56024640829"|"7.63"|"749364.7924858248"|"3609.285834035873"|"0.48"
297|"Vanuatu"|"VUT"|"VU"|"548"|NULL|"635768.40465851"|"635755.2708123954"|"1938.882683745988"|"0.30"|"12504.279650594124"|"524.967623420116"|"4.20"|"623250.9911618013"|"1413.9150603258718"|"0.23"
298|"Wallis and Futuna"|"WLF"|"WF"|"876"|NULL|"262931.825322094"|"262928.2777428498"|"0.299685533286683"|"0.00"|"179.57811645544834"|"0.299685533286683"|"0.17"|"262748.69962639426"|NULL|NULL
299|"Samoa"|"WSM"|"WS"|"882"|NULL|"133332.184959083"|"133329.09430466307"|"425.22135570608106"|"0.32"|"2876.900450044199"|"236.35516203308248"|"8.22"|"130452.19385461889"|"188.86619367299858"|"0.14"
300|"Yemen"|"YEM"|"YE"|"887"|NULL|"980517.923050791"|"980466.5602418494"|"6031.345330198085"|"0.62"|"453387.7189559548"|"3494.3908242738835"|"0.77"|"527078.8412858949"|"2536.954505924203"|"0.48"
301|"South Africa"|"ZAF"|"ZA"|"710"|NULL|"2767597.13706116"|"2767702.082741633"|"316377.62984622415"|"11.43"|"1219549.1148302436"|"102801.28756525613"|"8.43"|"1548152.9679113813"|"213576.34228096824"|"13.80"
302|"Zambia"|"ZMB"|"ZM"|"894"|NULL|"751036.006805688"|"751081.3240671068"|"310386.3659747307"|"41.33"|"751081.3240671078"|"310386.36597473035"|"41.33"|NULL|NULL|NULL
303|"Zimbabwe"|"ZWE"|"ZW"|"716"|NULL|"390647.77280212"|"390658.39189668925"|"105935.7203534217"|"27.12"|"390658.3918966894"|"105935.72035342174"|"27.12"|NULL|NULL|NULL
